"y","county","age"
0.292545122108091,1,28
-1.42370088304107,1,39
5.83612285172952,1,61
2.39133575592382,1,46
3.76980529398632,1,45
3.71337092991445,1,55
7.58751168052171,1,57
2.36397551745489,1,55
3.98374871215932,1,61
9.66043432343164,1,64
-1.24544192145183,1,36
2.7161424294407,1,58
-1.58898953161252,2,39
-6.82733901927066,2,48
-14.313257372089,2,63
2.25474993493878,2,28
1.01503312281488,2,25
1.2088343815814,2,19
-3.2839176341925,2,39
-8.51834899711262,2,48
-9.09169316336022,2,49
2.17270675901897,2,23
5.19520858192112,2,15
-5.25791462720908,2,44
1.09681174264178,2,26
-2.51326019828683,2,32
0.251072465376857,2,35
-11.2815679578853,2,61
-11.8962108229781,2,53
-9.55083731104462,2,58
-6.57025754346699,3,35
4.972179636783,3,21
-16.7958698348007,3,50
-8.23748222701878,3,35
-27.4723661114647,3,61
-15.7793011025771,3,46
-10.5486143880102,3,44
-25.0048000361138,3,62
-22.4993073646779,3,62
-8.69392782665626,3,38
3.20834006915224,4,23
-14.8812239101549,4,60
-0.146076177133679,4,33
-16.6852949134885,4,60
-0.824398601980252,4,33
-14.424861262703,4,56
-3.28637612532976,4,36
-15.0594794497156,4,53
-9.20497829800203,4,45
-12.250005977091,4,52
1.599587462383,4,26
-2.70280040239048,4,29
-15.9777064567781,4,61
-0.86470317192925,4,31
-13.7152469557614,4,55
-8.85495742631743,4,41
7.28355900728809,5,59
4.13093636071095,5,55
6.22096039926065,5,61
-4.51789075759132,5,27
7.0071439198361,5,58
-8.33191426859639,5,16
-3.35381440684361,5,27
-0.93949877168306,5,41
-1.33665110068576,5,43
-5.44429552872042,5,21
-8.37812691492094,5,23
-0.0895834367907218,5,43
1.71230348986218,5,46
-4.7327487385527,5,24
5.53748119944892,5,58
3.26894983876404,5,57
1.07100159627251,5,44
-5.76622539467021,5,31
1.73409994811429,5,40
-17.4369221387967,6,59
-19.8495879660496,6,58
-12.668740125803,6,50
-16.0650824406044,6,53
-22.7673012072711,6,61
-21.3767752002046,6,61
-0.873679991373279,6,27
-8.60508565284944,6,35
-4.43882737313382,6,35
-6.40599734646863,6,39
-23.6301857309235,6,62
5.45468861901104,6,17
-14.0217503068954,6,46
-21.3085597505256,6,57
-10.1912126210607,6,40
-3.69178019201027,6,33
-14.5190498365047,6,50
-20.7171857520287,6,58
-9.95318584433787,7,51
-11.9680920281923,7,60
-6.84174166272455,7,47
-7.51859993858376,7,45
-4.4506330637187,7,34
-9.99787301009972,7,48
-10.2744426181433,7,58
-12.0440875852247,7,56
-4.45125421152334,7,28
-10.2002155939981,7,64
-3.90399561567543,7,29
-9.9862831249231,7,55
-10.9006020305477,7,63
-4.5960690357542,7,40
-9.28045212685728,7,49
-3.9245594271712,7,45
-7.36994746876321,7,42
-0.856679964078062,7,16
2.73896331661131,7,18
-3.19585856514412,7,37
1.58268506383236,7,23
-0.579707559624742,8,20
0.0189415996165594,8,22
5.26205752620238,8,26
-1.66174387644304,8,33
3.92335214051815,8,16
-2.30721197250188,8,38
-6.22012681309139,8,55
-7.5740313363658,8,44
-0.872836224153413,8,19
-8.25374568739686,8,53
-2.96479703756464,8,30
-3.50958024804749,8,52
-4.51305232671706,8,59
-5.33552554755548,8,55
-4.43136910646367,8,43
-2.80140754373555,8,47
-7.96994538645826,8,59
-7.22688405737212,8,64
1.73519350938032,8,15
-1.97379007754673,8,56
2.67019906602048,8,22
-0.816487320348561,8,22
-3.84008479873002,9,22
-9.12750045520586,9,57
-5.42061069474818,9,19
-6.10058341501098,9,53
-12.0140311508137,9,52
-5.93082828739127,9,42
-8.52445238755599,9,55
-7.87795123278187,9,42
-8.45454373808168,9,18
-7.85454797082332,9,64
-8.26005598647395,9,40
-4.76284324035524,9,64
-5.88170262234701,9,41
-9.30077687473678,9,54
-4.74258893623345,9,29
-6.90003757817973,9,49
-4.53020721366696,9,45
-2.9565331810137,9,27
-9.08900808526799,9,49
-6.43691253672035,9,51
-9.32564852085749,9,56
-5.41475986875176,9,31
0.176119602782788,10,25
-0.00154418541109935,10,19
-1.5454481857589,10,49
-2.52637539682904,10,30
-2.11736487808561,10,60
-0.450997826602675,10,25
0.776086579641649,10,37
0.286758529184362,10,34
2.19359644674905,10,60
1.55037001502841,10,53
-0.219359009767809,10,50
-4.10644130932616,10,17
-0.420644175511071,10,46
4.67221237075237,10,44
2.0910299583777,10,59
-2.7844609026817,10,22
1.24536422332242,10,50
-2.61387343623584,10,26
1.3470129542653,10,31
0.368410755571295,10,30
-5.9604407157322,10,23
-3.303657898439,10,22
5.29313297086273,11,17
-23.5690607494868,11,59
8.12034866994934,11,17
9.78622903697359,11,17
-8.53388525309823,11,36
-25.3429169662642,11,58
6.85277106888265,11,18
-20.7471663129767,11,51
-23.3794528817973,11,61
7.29461501837164,11,17
-23.2879630710824,11,55
3.64112004942777,11,22
-11.6238150794859,11,45
-5.95734034370793,11,39
9.35142981311046,11,19
-21.2744342542792,11,57
-12.914078415639,11,46
-1.24459026659526,11,31
-8.93865569389252,11,45
-12.8755365161945,11,42
7.60606149118567,11,19
3.65754492389131,11,22
-11.2980076173165,11,46
-4.17994290880694,11,38
6.02772542195221,11,15
-6.48208093466608,11,32
-14.8420845105874,11,46
-22.8876562505261,11,58
-22.0357168642133,11,55
-9.43864570367948,12,43
-18.6588637123785,12,52
5.78402159001348,12,32
-8.58159460800356,12,41
-11.105321376531,12,45
-13.8537049628758,12,48
2.19475442590373,12,34
-16.4415250602044,12,50
0.0400285162962608,12,31
-21.6083007796643,12,59
-0.37695618092477,12,37
-6.58564373188253,12,37
-1.77210707144343,12,35
-1.39390660414017,12,35
-10.7252417857835,12,45
-22.834268017148,12,57
-20.903911811581,12,54
-5.44845756625707,13,43
8.69130081877253,13,19
6.45445193615037,13,23
-5.57403296134732,13,38
-14.8922712626544,13,56
5.32007849150219,13,23
-17.683513382808,13,58
-8.38027234929206,13,47
-19.6826185216121,13,59
-2.69997998037928,13,31
-13.1514192990464,13,51
-19.9996790770854,13,57
9.07552172689955,13,24
-11.8309345508645,13,51
-22.7720142519187,13,64
-1.59599238534852,13,34
-9.8263437782909,13,48
-24.3169692420462,14,62
-3.87120654832628,14,38
-17.8838722370201,14,54
5.59851670271422,14,28
11.8300971868174,14,24
16.6742196080607,14,21
-28.1797229740026,14,61
8.65306735903098,14,22
-13.301014806185,14,43
-8.33552640733017,14,43
-6.54188245395341,14,39
-2.89099618086591,14,39
-9.08192274633913,14,39
10.5451005410106,14,23
-20.4932870632532,14,56
-14.6786849408056,14,46
-18.0153162039091,14,48
-10.2782226685589,14,45
-2.42122830482237,14,33
-27.3375455553898,14,60
13.8331248204891,14,18
15.3130824162186,15,52
-7.32452751358143,15,28
-7.93977037410002,15,26
-10.6390963424757,15,24
-5.95819382558013,15,27
9.31304766069124,15,48
-3.8673450089365,15,25
8.19450528637945,15,44
22.5834835519058,15,58
-7.56728181431657,15,25
10.9513933111502,15,46
14.6105892842631,15,53
6.79300835674802,15,44
-0.758838637539523,15,29
-7.26070260150074,15,21
7.59710506477826,16,19
-12.4129094988041,16,52
5.67829025801254,16,25
10.5008729397418,16,22
4.1490094450245,16,31
-14.0067038313871,16,52
0.501114877234286,16,26
3.42255126977762,16,29
-4.8899172340509,16,47
-16.819672465136,16,64
-16.5584625425548,16,62
4.03568471301703,16,33
9.1456652148475,16,25
5.57012163247659,16,25
-3.47030407353128,16,40
8.68327111491986,16,20
-3.18811755716493,16,39
3.55303246219743,16,25
-16.3032133658792,16,58
2.73632483386795,16,28
-2.83873630482066,17,41
1.95539813822621,17,34
-11.2835351485473,17,62
1.90949581009358,17,27
-1.43444622157527,17,37
-10.1816649615783,17,62
-0.849181426460839,17,31
-0.0991844136083841,17,29
2.95162222753035,17,22
-5.58545754702825,17,44
-10.5850827526663,17,54
0.0698502101374523,17,24
-4.28450928690898,17,48
-9.05107066451111,17,53
-2.32560862723592,17,34
-7.29825813574259,17,60
-8.41076618898839,17,57
-3.15563672335799,17,34
5.17702012835498,17,21
1.30307326532084,17,26
-5.90134013420229,17,48
2.76652647520453,17,25
-5.84304363356223,17,46
-7.91586369663748,17,52
-7.53393916178837,17,53
-0.872994581383333,17,29
6.87960669188059,18,57
9.95267694224095,18,58
10.2484543856648,18,60
-2.19243963496682,18,30
0.0723930556371264,18,31
-4.87972143257296,18,32
-8.42415412455178,18,22
6.67617912922314,18,55
7.29453770112246,18,57
-0.667829160222579,18,29
3.53779596405127,18,48
-4.17973522223338,18,33
9.61909434972655,18,61
-2.65990877617723,18,34
-6.04533545196933,18,15
3.29576252801078,18,53
-7.46361212409822,18,27
-6.04335881569327,18,21
1.41140250501688,18,44
4.15440892550561,18,37
-2.02861322680137,19,21
-0.624421053613158,19,55
0.335242799141287,19,50
1.212879166458,19,43
-1.15223430423169,19,27
2.75982102357474,19,19
-2.27338797053398,19,38
1.46074034766687,19,46
0.673550205693454,19,21
-2.37280228941432,19,25
-0.402824574316401,19,50
2.70143620796458,19,22
-1.6220160416495,19,59
-1.56034686272905,19,38
1.94429123955319,19,25
-1.03511595566344,19,25
-0.552069381774562,19,36
1.50731012440131,19,33
0.176135539606959,19,19
1.11949113870678,20,25
4.19450257933798,20,27
4.61576059292454,20,17
4.97472797950752,20,22
3.75384105637128,20,24
-0.508253796514244,20,29
-0.106913375132664,20,42
-13.0633067378053,20,59
0.342008145585767,20,21
-7.72548343892183,20,47
5.71931131765243,20,18
6.24659795195345,20,20
-8.09316666443269,20,52
-6.34821697800767,20,42
-8.69606392552271,20,60
4.57328513939352,20,27
-11.4284288883195,20,54
-7.23091075094399,20,39
-5.03444619483933,20,38
-11.2950683827145,21,45
-18.8048496539554,21,50
-13.9255647323261,21,48
14.9524944705172,21,16
3.31032775139776,21,27
-16.3037508457943,21,50
-26.4722787118212,21,59
17.3044494142453,21,15
-24.9164334589089,21,57
-14.2580975205695,21,46
13.1201504609075,21,16
-30.484923527984,21,60
-17.120308619408,21,51
-0.0270180252646635,21,34
-24.2701204227789,21,62
-6.11072579514865,22,35
-1.11159413194674,22,22
-4.28147960167782,22,40
1.43949810674726,22,19
-9.32586057282069,22,54
0.747815406102802,22,19
-9.44748581266529,22,57
-2.90911485633851,22,34
-8.66913109580928,22,46
-2.5730025374976,22,24
-4.0094719151752,22,32
-6.63262848779419,22,55
-2.31058208085217,22,42
-1.03717189192483,22,17
-5.37278826855469,22,37
0.416467916476627,22,18
-0.839673498826599,22,21
-1.38640051335227,23,37
0.76181809064844,23,47
6.76261410115169,23,64
6.73518735915117,23,64
6.75226314551678,23,62
-6.18745692709028,23,23
-5.29949435820573,23,22
-6.19020909875487,23,22
4.86417978115577,23,53
-8.83279677587944,23,21
-1.94194968547797,23,36
5.32533848433996,23,56
-2.17515436742458,23,42
-6.73646004710961,23,26
-4.84857235391821,23,30
-6.20066768200958,23,23
-9.72558787810671,23,26
4.95808468521904,23,48
8.05852443022008,23,63
-6.07335435605968,23,20
2.22508712744676,23,45
-2.40550856074228,23,33
-10.9810734076493,23,24
-1.71760707567776,23,36
-0.203593542552562,23,41
3.79534090241394,23,63
-1.2585645650673,23,33
-23.006224228004,24,50
-34.4499666429941,24,63
-21.1342656840295,24,48
0.0020497179101997,24,30
-5.36300844955305,24,38
-26.4591202492069,24,56
-2.78975147471851,24,33
6.8077956566025,24,27
17.5213212874897,24,17
10.9244823929969,24,20
-35.2407046474215,24,63
7.26570316072312,24,25
-15.9450748008564,24,47
3.40172710596664,24,30
-22.256121996955,24,50
-26.4022182064075,24,56
-26.5068134895199,24,57
6.7430190627938,24,23
-0.523906159324631,24,29
-35.4357885731785,24,61
1.98202946504872,24,29
-21.1884858371609,24,51
-15.0975419994546,25,54
1.28944435518597,25,28
-18.4747972292772,25,56
6.0273524369484,25,23
-10.2541397464881,25,48
-14.8042829006774,25,53
-4.2028140891585,25,36
1.22718004794615,25,31
-1.11124926658775,25,31
-11.7791463293595,25,57
2.87846798597352,25,29
-5.45962821159458,25,37
-19.9547932535703,25,60
-15.9138588697696,25,59
-14.8038742309992,25,55
-0.221006041142976,25,33
-5.91885365348639,25,37
-17.6215923533325,25,60
-1.69477668033477,25,33
-14.0444099704335,25,57
9.16415247117089,25,16
-1.65303323165528,25,32
-0.536756508048524,26,30
3.43979237588528,26,28
-45.7558110870995,26,60
21.3590151512381,26,16
-14.6041011777921,26,38
14.1073108707713,26,20
-35.2251429246049,26,55
-25.3172652389278,26,47
-43.5666306900625,26,61
-50.4155049025976,26,64
22.8653772587067,26,16
14.1019287788252,26,21
21.2500580681369,26,15
-27.917442945115,26,50
15.3012870980177,26,21
2.59371938128518,26,27
13.9471405757162,26,21
-34.0889123362111,26,55
-35.2528664141914,26,54
7.39869797114279,26,26
23.5977878117588,26,16
-3.85348511151733,27,55
-8.22647904090408,27,63
-3.99891369378896,27,46
-0.777597053461577,27,29
-5.50472446583505,27,44
-3.62739032847896,27,37
-2.96365101831579,27,24
-6.39693835521155,27,19
-2.70836614638243,27,56
-4.68363239620111,27,33
-4.13883011901671,27,15
-4.42400295724642,27,37
-5.3165662162271,27,55
-1.85433364903306,27,29
-7.94184354918324,27,63
-1.34050375485878,28,36
-2.18232005269823,28,52
-0.515979677895389,28,48
2.37855461396463,28,41
-2.14650538738036,28,52
3.88007744190781,28,17
5.40092800622901,28,18
-6.12029013273479,28,48
0.813674753697684,28,33
0.775553291435376,28,50
0.402209396174143,28,37
1.15374861837026,28,46
-1.46766634223912,28,52
4.224136732662,28,23
1.96619358956802,28,30
1.17654425519235,28,28
2.20576289358056,28,27
-0.617148004954528,28,41
4.43210489932101,29,20
1.51951996087926,29,30
2.3390580487755,29,21
-1.1936640294134,29,28
-2.07812607171236,29,30
-2.19321421778234,29,28
-3.23442219469117,29,34
0.104108074731571,29,24
-4.62657475752574,29,47
-5.1149356279187,29,62
-6.46454446864525,29,57
-2.25699544314955,29,30
-7.2801068031902,29,63
-9.41862964185863,29,52
-1.42147641999576,29,24
-12.1484929023778,29,64
-0.742572977718542,29,29
-5.66727291760325,29,34
-6.42984481042372,29,62
0.504598748595803,29,30
2.27140066356151,29,26
-40.4138973935945,30,64
-15.0774246107997,30,45
-26.2759544310072,30,53
1.90593987909318,30,31
4.5884651912183,30,26
-13.5828043428613,30,41
-23.5068298767254,30,51
-16.9381484921339,30,43
-16.990412934371,30,48
19.8413221561724,30,15
-6.05712784630499,30,37
17.5320114014436,30,17
15.5397096952167,30,21
-19.4040887527091,30,46
0.838660357416779,30,30
-15.6994668940384,30,44
-1.7151039474858,30,32
-6.06971457467455,30,36
1.37393531129431,31,23
-6.31985754188868,31,42
-0.78852857160287,31,28
-8.72400500306037,31,43
-18.8934714704384,31,62
-2.30494537409234,31,28
-6.01613777799581,31,40
-18.6367210333723,31,60
-1.10227463753181,31,30
-7.34308979359157,31,41
-7.88908809873998,31,43
-14.8738742812039,31,56
-16.7399585650406,31,59
-5.8540770001242,31,41
-14.2331199039181,31,51
-1.84491127773721,31,29
2.55683848593704,31,24
4.75959337586467,31,15
-11.1780046106219,31,52
-18.2996432058244,31,60
-0.0646491935862309,31,27
-2.2222679755299,31,28
6.55161748356362,31,19
-3.55936609507385,32,22
5.36981515927454,32,58
5.18434441640655,32,64
-4.80631975704265,32,26
1.14549279203568,32,49
3.0635583905144,32,38
-0.765461580837886,32,37
4.06170633548584,32,39
5.99541666123312,32,63
3.48800157504925,32,49
2.8656555010191,32,57
0.232363379251237,32,31
-0.57986525214364,32,40
-3.07178586976983,32,23
-7.67513786628002,32,19
-2.56497218471713,32,24
6.01924264082966,32,60
-8.39982935753999,32,24
0.279003891901328,32,47
-5.73932584506423,33,57
1.30068081723228,33,34
-1.73085460060123,33,51
-2.5398973953699,33,37
-4.38725989400003,33,59
1.32993641453997,33,32
-6.34194839364999,33,53
1.90141515105199,33,17
-3.67584377879421,33,61
-0.896854521417337,33,43
-3.88926092405188,33,43
-2.65920030755759,33,40
2.72719035865488,33,17
-0.426619000698282,33,36
0.59150295139877,33,38
3.78788390322538,33,17
1.02418925388102,33,25
4.59759919715676,33,23
1.31939939254602,33,23
0.909796954148131,33,29
-1.02753737866097,33,44
-5.82816787402739,33,56
-2.16185306496728,33,48
-5.15681087640573,33,63
-0.247017339301605,33,35
7.49448675330414,34,18
-18.9946900067602,34,54
-21.2358815766426,34,55
-21.5461028420766,34,56
-27.4226758042807,34,61
10.2244834908374,34,15
-17.0637755011262,34,52
-10.4704594978417,34,45
-13.3384242643103,34,48
-20.2191864059719,34,55
-2.20807470133371,34,30
5.63951054551559,34,17
-13.2990747363783,34,45
-17.5719795441489,34,60
-18.9770538149012,34,57
-17.7977280947048,34,50
1.67326961100833,34,20
0.590850369157497,34,26
9.2135989089135,34,17
-1.61366096760931,35,28
-3.76555988234481,35,21
-3.98372998028045,35,19
-0.80136741640654,35,45
-0.757027019294372,35,35
3.20564127437945,35,19
-1.90555133874855,35,42
-1.72800913822662,35,49
-1.54984338316684,35,24
-4.11015384730019,35,15
0.00162196617176069,35,35
-4.28230826081017,35,38
-1.95200813628593,35,27
-6.39539070679041,35,21
-1.29155442644415,35,23
-0.988962435578397,35,62
0.311887249265818,35,16
-4.75491063951431,35,19
-2.90953649366976,35,63
1.63459864228071,35,52
-1.21807516597201,35,43
-6.0843252016195,35,20
-0.58310375095776,35,32
-2.39168024278101,35,58
-14.763460106681,36,57
-0.850604976307004,36,36
-12.6183273068034,36,52
-11.96442831474,36,53
-3.93861913825509,36,43
-4.10973457018202,36,36
-10.1240085553428,36,45
-4.12026475002762,36,40
-2.58458676472783,36,36
6.50319606114387,36,21
-5.69443357006217,36,42
1.08336848107804,36,30
-8.49806224823041,36,47
-20.4262129549576,36,61
2.12957027918574,36,29
-14.6278068955989,36,62
2.4436823809108,36,27
8.2358591581567,36,16
-12.6985575484251,36,54
4.43206101985923,36,28
-9.64409059349418,36,47
-6.6931811819771,36,44
-8.06586641208984,36,43
-6.66387988924841,36,40
-8.70322242452253,36,44
9.33121633094103,36,20
4.34645394859746,37,17
-1.26881020717974,37,19
-2.16645044120848,37,46
-1.9149339132153,37,48
-7.33565173924959,37,61
0.974027914962372,37,23
-4.42816179354839,37,54
-5.09271676809513,37,38
1.78752373497746,37,24
-0.581562331730562,37,23
-7.50309834378155,37,61
-0.246715073994544,37,61
-1.84906132214459,37,53
3.7284879881215,37,16
-2.63159222619977,37,49
-5.63734151677175,37,33
-2.77946693771747,37,38
-4.95063129063175,37,42
-5.85768270679602,37,64
-1.85553211366891,37,45
-17.5607838054676,38,56
-13.5182374652745,38,49
-26.4344573357731,38,63
-6.82968589701257,38,41
-18.0137129008179,38,53
-23.5411023857215,38,57
-15.7414254931636,38,48
7.76783494539963,38,21
-4.57357092152999,38,37
-23.0311810292116,38,60
-24.6718772440624,38,54
-10.3303657420125,38,46
-16.7747757019786,38,55
-19.6955146864947,38,57
-4.53602224825731,38,34
-9.41912410155799,38,39
-9.13837939337489,38,41
-5.19107130918964,38,36
-19.7794931127469,38,55
-9.80693257094542,39,41
0.41629453248264,39,31
4.39661072725839,39,19
-6.40520364796811,39,40
-1.79656843178489,39,32
-0.2423873638177,39,30
-14.0501355334311,39,50
1.81789851362467,39,27
-0.833340506949008,39,30
-10.0617939191182,39,49
-10.3915747024485,39,46
-8.50497787594875,39,40
-14.5919275647073,39,58
-5.25377201923017,39,36
2.83376026549209,39,24
-4.45234927585013,39,41
-3.47977977839051,39,35
-11.0909118799697,39,49
-4.17234163598021,39,27
-7.75861157346,39,37
-4.92761385403979,39,33
-2.9736176514226,39,34
-7.621503487785,39,43
-11.2790798185651,40,19
10.2826464520631,40,57
14.6761112999787,40,55
8.01063802219981,40,51
1.90184307345184,40,46
6.27326029422248,40,57
-2.08660470923441,40,36
13.2126247268696,40,60
4.82512725274775,40,49
-1.00599375011125,40,37
6.75058319392834,40,48
12.1082121802009,40,57
-6.8486784336828,40,26
6.09547615366551,40,50
-9.70460524887205,40,19
-11.3727559609975,40,17
4.86718633583811,40,44
-10.4912352331502,40,16
-0.511957626490244,40,34
-2.3407815751895,40,37
6.46904455761812,40,51
-4.61223536925038,40,37
-6.45946468526603,41,34
-11.637081830521,41,51
-10.5540449681509,41,43
2.88812978206067,41,21
-14.889289790398,41,49
-1.36551522402669,41,23
-4.64447924365125,41,34
4.58996102736708,41,20
2.72582095331468,41,18
-16.7235072547115,41,57
-3.90291111204485,41,39
-7.41700346692445,41,39
-17.7285642854133,41,58
-18.8538454219916,41,60
-13.2681390327272,41,51
4.81015423079587,41,20
-1.61589326909933,41,27
4.45712276166191,41,21
-6.32188243855441,41,35
-6.13381328111946,41,38
-3.87277629976016,41,36
1.32615150062843,41,20
-11.9808743636358,41,49
-1.19712518173001,42,17
-2.43277349583521,42,35
-3.04385177503242,42,45
-3.58951389521101,42,60
0.351839939852212,42,52
-4.50736900528652,42,37
-0.901788652723067,42,20
-2.21030352574596,42,23
-4.44255002202395,42,34
-3.6844662105998,42,22
-4.03501498681085,42,58
-1.24137441370792,42,55
-2.6794794075423,42,52
0.39341207157072,42,32
-2.14367254071245,42,49
-3.14232810454404,42,52
-3.12335898393191,42,37
-3.78674022987923,42,34
-2.0797754489532,42,21
-3.80244544470747,42,51
-2.13540446338212,42,34
-1.32524741438585,42,55
-2.27700724846843,43,28
-5.27772438505258,43,44
-0.210506300657492,43,34
5.52691732242472,43,16
-11.4542989839057,43,57
-7.15716460583928,43,54
5.16304502614288,43,17
4.88658251190022,43,24
2.77867552291633,43,26
-0.0705054035092889,43,27
-3.72829818295214,43,46
-1.59341435734246,43,34
-3.9790214279634,43,46
-4.41085658299886,43,52
0.39671406346483,44,31
-13.5058804818999,44,46
-34.2713018619401,44,61
-6.44231302363366,44,33
4.87180826832565,44,24
-22.103621192754,44,53
-16.8837447654612,44,43
-7.4286683129083,44,34
-9.40589352660928,44,45
12.288891743817,44,21
18.5515460945706,44,15
-16.0926981517767,44,47
-21.8935366992147,44,55
-6.89101402823935,44,38
-9.15005195247529,44,42
-13.3625128888435,45,50
-13.3521107551945,45,48
-2.17755159924589,45,31
0.898136905325542,45,24
-17.1835711289638,45,55
-7.03501324263425,45,36
-6.90196839166904,45,39
0.695236547275338,45,26
6.72266640887288,45,21
2.87722391237675,45,30
-8.16457801518265,45,45
-11.1483304637253,45,44
-12.2793123277574,45,42
8.88443413112087,45,17
8.46769909917374,45,15
-1.34623371011108,46,25
3.7231757007981,46,15
-1.75195816316714,46,29
-3.38098551633998,46,48
0.130658111488465,46,24
-2.44643055348696,46,38
-3.28698134552461,46,28
-9.02478381672754,46,50
4.66861115904508,46,15
-11.2293535260921,46,62
-10.6027688796217,46,48
1.18690204500262,46,17
-2.26337318267321,46,31
2.08373783639213,46,17
-3.00355814963235,46,30
-15.3191919159355,46,63
-1.94135493453281,46,39
2.29736039723562,46,22
-9.70844390783902,46,60
-6.84395293237521,46,45
-4.07606259630946,46,43
-11.061830705136,46,60
-1.46697615358327,46,28
-7.57069288478281,47,15
5.99717535493996,47,61
-4.62681345285823,47,18
-1.35132048773083,47,24
5.43528045592732,47,53
7.30629719643824,47,63
9.83934228895589,47,60
-3.22391790586005,47,31
-6.27191693917412,47,16
3.87352526373975,47,47
3.59638468424384,47,40
-4.91235963248365,47,30
4.85030581361714,47,46
-8.14293255973417,47,15
-0.171994864461071,47,36
1.49154564011797,47,39
3.68131540382574,47,46
3.09685534859344,47,45
1.87162234323858,48,45
3.96690442895506,48,18
3.86752026436617,48,17
2.25644605276128,48,17
4.6493372615661,48,29
6.1883636204635,48,16
4.30834853047134,48,36
5.26712451168514,48,36
4.67244213345778,48,42
5.05736980202987,48,25
4.91382160795485,48,52
3.18506856862247,48,39
4.88696891796623,48,62
5.30419875374848,48,45
2.23972070554953,48,48
4.07026558432353,48,35
5.60084857665894,48,16
2.79775564179719,48,57
4.08079241176645,48,58
3.95326812253939,48,63
6.0017590203354,48,23
1.52400883592541,48,15
-25.8698406567104,49,59
-18.9652481127757,49,51
-28.3573416773389,49,60
10.8782370351216,49,25
-6.24702948229683,49,39
2.90923861229601,49,31
-4.87930500228625,49,38
-8.90553268720211,49,43
13.5059463585151,49,22
0.889455343554558,49,31
-9.87212684063318,49,44
-8.10260979993359,49,43
-14.7849867588737,49,50
-24.3898463802906,49,63
2.30131001664592,49,30
-26.9661961723313,49,60
-9.28655128943356,49,42
-14.3811100414649,49,49
5.61775602252282,49,28
13.8732723012351,49,18
8.42417823577703,49,24
-20.3307932780498,49,55
-8.10918136011365,49,37
0.495495714354483,50,42
-9.17993714081013,50,61
-5.51068323582664,50,56
-0.00947096079114562,50,47
5.45814231749176,50,16
-1.0140764515478,50,33
-6.23352247813037,50,54
0.506787435026063,50,32
-6.34025733257817,50,50
-4.09073587946455,50,49
-7.21602913938625,50,60
-4.4785528936503,50,49
1.93535866767382,50,30
-3.36093245698089,50,46
1.31395249228202,50,26
3.76635933880966,50,17
4.15474234575443,50,15
-6.80004873292838,50,55
-1.24550840586279,50,35
-9.49569600212557,51,60
-4.47553552211263,51,44
-1.82084639344412,51,43
-6.636323350899,51,56
4.75143442150679,51,30
1.44954256004177,51,26
2.07209837336345,51,34
1.80116616737126,51,27
5.48450353129579,51,22
-7.7487930930566,51,48
-3.30251489658432,51,41
5.96735989985699,51,26
-3.29589858462494,51,51
6.29383176456472,51,18
5.9681426985899,51,18
-4.08113548165007,51,45
-5.59702188887749,51,52
-5.11404346334963,51,47
3.92823765120422,51,21
9.33997025102177,52,24
-27.51775999783,52,62
-11.0149718430479,52,48
-6.16697765534993,52,39
-19.406252882299,52,51
-16.4582592431001,52,49
-11.1930889343326,52,43
-1.76411976992263,52,35
-23.3800194409589,52,55
9.77992411898446,52,24
-1.14115555642338,52,30
-31.3020376372545,52,64
8.32780055184508,52,21
-5.66294789868357,52,36
-12.7116649456443,52,48
-1.00458479082567,52,30
4.60427445776101,53,25
-0.137114060689437,53,26
-4.32016923767197,53,44
0.0996274149090899,53,42
0.827032379217772,53,27
-1.48970485749263,53,42
-2.72842630974493,53,40
1.53753392939545,53,29
-3.60135375283289,53,42
-2.83299380930532,53,46
4.54503858020563,53,22
-2.00738937020266,53,41
-5.48881047789493,53,42
-3.57948714848324,53,46
-9.796640582658,53,56
-2.5121267035295,53,40
-3.96286153129538,53,53
-6.82944111560959,53,56
3.16116756856795,53,18
0.261660686596928,54,42
-3.21270636266902,54,56
-4.34408664496536,54,26
-0.232716208399505,54,47
-6.42597095067283,54,21
-1.02733710088521,54,28
0.203275337429257,54,55
-0.0410502243894848,54,38
1.50056508127286,54,53
-3.51869158252467,54,47
-0.320099549284747,54,60
-4.44150606612956,54,50
0.858735414294619,54,40
3.22887981619825,54,63
1.77208088709187,54,47
-0.836468968461002,54,49
-3.43856159981799,54,15
-0.758595386439017,54,57
1.28461485710514,54,50
-3.2408379923297,54,31
1.71745063263603,55,22
-15.9877440076536,55,57
-22.6165421799409,55,64
-10.2333246285984,55,45
-9.65820345009451,55,47
-17.2508791131805,55,64
-4.2717692461279,55,32
-12.2715993670213,55,46
-18.0718076442393,55,57
-12.4075412488374,55,56
-19.1153999585922,55,63
-9.06917108479528,55,45
-18.5248988920401,55,57
-7.37328447713097,55,36
5.69908896846089,55,20
0.93209242630354,55,33
-2.52429327781623,56,29
0.572599723922523,56,38
9.60974825434704,56,54
6.16883512274758,56,40
-9.23063241309404,56,19
-4.73805630723067,56,19
3.5626995736489,56,43
4.37620180863204,56,42
-4.33532394098816,56,17
7.55518575846104,56,57
8.88960016036193,56,49
-1.52082904850833,56,37
3.27558338228111,56,43
-1.39201965806478,56,30
1.03437478421668,56,48
12.976222598122,56,50
7.14289587088868,56,47
0.744561073847677,56,29
9.11468290714976,56,59
9.38971966343672,56,57
0.620291941416779,56,39
-3.31562477897337,57,31
3.03730441701568,57,29
7.91946030098607,57,18
-10.4936581911138,57,49
-7.75273575225493,57,44
-18.052741815303,57,61
5.27886234220548,57,23
-15.5271891741441,57,58
-11.3000988978209,57,49
1.55212552174728,57,29
-8.30919663833928,57,43
-10.8703515319826,57,50
-16.6663460564674,57,62
1.33777546918074,57,28
-18.3710248748066,57,57
-11.4751491335103,57,50
8.43618524506469,58,24
-7.02577262043548,58,36
3.01231623390775,58,29
19.6352632498228,58,16
19.1820833593319,58,17
-33.5883971577533,58,58
-31.2332179795975,58,56
-15.4455665075124,58,42
-23.7441379830493,58,52
-39.7050948137662,58,64
-11.4885148047949,58,39
12.5716611063072,58,22
-17.4270643497308,58,44
2.98970341818238,59,26
-3.21564011301184,59,34
-15.6086668998155,59,43
2.7590228401624,59,27
-29.7441738191186,59,56
2.76890670674016,59,27
-13.9000764498014,59,42
-8.94102646421481,59,35
8.75213399280463,59,19
-32.5610055019256,59,62
7.61185447172582,59,19
-12.7773674944245,59,40
5.56985199389668,59,21
-1.35001110603924,59,30
-4.96687279288028,60,53
-8.54716029154865,60,63
-2.79683834869292,60,39
-1.46897293448229,60,23
-5.84964129952836,60,51
4.9002794629366,60,22
-6.27809736541133,60,49
3.18487474901099,60,34
-4.11177107604555,60,51
-6.39814675838841,60,53
4.8389788862933,60,25
-3.06084430079764,60,52
-2.39405970451845,60,38
-2.49159545685071,60,45
5.15935290571818,60,21
-5.45561747716909,60,45
0.755422927928701,60,31
-8.51567166331536,60,62
-3.89291608313428,60,39
8.2025627265702,60,16
-6.80622471720573,60,57
1.86961437457087,61,15
4.05915218398102,61,15
1.7189661747124,61,34
-3.09003124000866,61,56
0.784188760852358,61,38
-11.5627086597042,61,61
-1.82129319247097,61,41
-4.83630899253424,61,54
-1.87778388868341,61,32
-1.00747641028519,61,46
-1.47102957323015,61,33
-5.36285319440724,61,51
1.88272080366263,61,20
1.46964747329742,61,23
4.71221772101594,61,22
-0.940782328498774,61,26
-0.0572926999068835,61,44
-4.95450465937459,61,61
-0.178718135160536,61,22
-2.23786145537134,62,39
-1.81647662089175,62,35
-2.20319341973454,62,39
0.472725595645047,62,36
4.20875640511469,62,28
1.96079623027609,62,32
-13.8825651805855,62,55
-8.7573790710321,62,43
-11.7596518483712,62,57
-14.2769427472322,62,55
3.06221432275,62,25
-13.8094686008767,62,62
7.54043266511164,62,24
9.67555056616675,62,15
-7.5507472861675,62,46
-13.2218531601011,62,62
-17.8121350738993,62,61
-10.2758483368874,62,50
-18.1835755377356,62,64
-0.246533150575949,62,33
3.57289037321706,62,23
4.1266925175009,62,20
-16.6793005384163,62,61
-3.95072089299651,62,38
10.4117568932429,63,17
12.3791137436082,63,17
6.28120337979121,63,23
13.6103098372402,63,15
-8.20850396554839,63,51
-15.3898112055117,63,57
-14.5617537540859,63,58
-6.4695957124295,63,44
-17.3967108880984,63,62
4.26903504310144,63,30
-4.88316204316869,63,48
-1.13276079341826,63,34
4.46039007015828,63,30
-7.77265065508845,63,42
-10.749277936787,63,50
-2.00538989866841,63,33
14.6176883997987,63,15
-8.90449418724507,63,46
2.75595072757446,63,28
-16.4897292798267,63,58
8.53163250027432,63,24
-10.0916408923282,63,43
-5.9038049879584,64,43
-19.8766969988938,64,61
-7.29916100675814,64,42
-10.8081782628453,64,48
-9.33083693947659,64,50
-6.81403467887766,64,41
-2.05512859396935,64,37
-5.39379764072258,64,39
-13.4609806646102,64,53
-11.5383496954501,64,48
5.93543170310393,64,22
-4.58882581821014,64,41
-1.9394213702082,64,34
-18.5086540915858,64,61
-15.8634744361414,64,54
-20.6994581625585,64,59
2.48511766265349,64,25
3.18768738045923,64,21
8.54842670527213,65,15
-22.0584619881311,65,64
-3.3607630535156,65,38
2.49774938104805,65,26
-13.9169744248509,65,51
-18.8220003748862,65,57
-15.4139557153571,65,54
-4.22293550481063,65,39
-17.2935154297932,65,59
-19.525673140181,65,60
0.693237541268522,65,21
6.70413097275956,65,19
-2.36694578327411,65,34
3.8132967033976,65,21
-12.5546803780853,66,64
-8.96145083212779,66,60
-1.13276863920591,66,24
-4.52868538959114,66,38
2.04891949571533,66,17
-1.84945407284584,66,27
0.463693768309214,66,18
-1.40578728833499,66,24
-7.50697606197236,66,44
-7.84379413776476,66,44
-10.3278977861587,66,48
-7.55533071376749,66,48
1.55738105303373,66,19
-3.5319425714999,66,28
-11.6710155340285,66,54
1.03210061040135,66,20
2.5090515078474,67,30
-24.7397508754573,67,58
-22.1693879322423,67,55
-22.2765325313742,67,57
-11.2874829690284,67,40
10.998963070767,67,21
19.4656870472291,67,16
14.8912566314998,67,20
-28.9733946792727,67,59
8.67374390658315,67,23
2.88968916200929,67,29
-7.81889079506123,67,39
-20.7812410727585,67,50
6.33830548490073,67,24
18.5596121089325,67,15
-13.850547054066,67,49
7.77434062541919,67,24
-1.33148687040903,67,30
-7.00751102878341,67,32
0.349011544762001,67,31
1.32416203078626,67,29
-16.5677387680725,67,46
5.81038656779681,67,22
-28.3939055216177,67,62
6.07419928048287,67,24
-0.701236357983133,67,30
9.04480889612946,67,24
0.292568225253629,68,32
-8.61453394538256,68,54
-1.61848054138029,68,32
1.99705959621066,68,22
-1.60485043714582,68,35
3.89028052661085,68,16
-1.89008247004863,68,31
-1.19170105804961,68,40
-9.58813303205619,68,49
1.97809462788874,68,18
-1.79397557158812,68,28
-13.4173612805311,68,62
0.329491587999982,68,31
-3.29008400895093,69,29
-8.72089726205477,69,40
-9.32504762822573,69,43
-8.61044245929886,69,45
-7.61993463403283,69,38
-12.8116659471766,69,58
-6.25848445161152,69,35
-10.1316276360366,69,45
-4.16246474720764,69,34
-5.64788246090645,69,32
-14.4758449174702,69,53
-15.8049264398178,69,62
-6.61374265347304,69,30
-4.05113217850842,69,26
-11.0303561860731,69,53
1.81507067737285,69,19
-3.93625684713214,69,29
-8.82167466946744,69,45
-9.73741995354765,69,52
4.0198027279997,69,17
-14.9215079956658,69,59
-2.00102048996188,69,29
-0.82715737267126,70,34
-1.92914564554637,70,48
2.17747363372291,70,63
-0.378885033319913,70,45
-2.98639198064792,70,44
-1.37688527773544,70,44
-0.210003019543519,70,58
0.524346116931466,70,30
2.0787233181863,70,44
-2.11897425794137,70,48
0.970031613939494,70,43
0.888975021168789,70,55
-2.01000621310681,70,35
-1.10558494197997,70,54
-3.09003708395254,70,35
1.0075706086399,70,33
-0.173780320010056,70,26
-2.72422611487908,70,35
-0.421013341870457,70,53
-2.97943139458843,70,30
-42.2244363389814,71,57
1.63267169312828,71,33
-35.7018937475018,71,53
-42.2608271286598,71,58
17.4871442769689,71,24
31.9211836846168,71,16
-51.8699946139894,71,61
7.47933797123882,71,27
-10.9470110038326,71,39
-19.2921647252031,71,44
22.213141004564,71,19
-17.6982586829002,71,44
24.4243684616775,71,17
-8.57357788914261,71,37
30.3132998224202,71,15
27.4242616667684,71,17
-40.5663207017081,71,58
18.7009089432902,71,21
-8.04411533168491,71,36
24.3720701319101,71,18
5.3487079304277,71,28
-42.1728614974911,71,58
-22.5035479190818,71,44
-32.8874738619047,71,54
5.32379523865743,71,30
-48.3477817805986,71,60
-50.9765567973127,71,61
-3.17812845542511,71,35
19.8299970531639,71,22
-26.7572070287344,72,53
10.180427962885,72,25
3.26285635018344,72,27
-3.99898618095049,72,33
7.59530704143935,72,24
-1.57009577623428,72,32
19.1885634806983,72,15
-31.1878717572801,72,63
-32.8502730782532,72,62
14.9990320840874,72,18
-20.7476528515748,72,51
-10.0887535984357,72,41
-7.71654766806646,72,39
-5.03855183531628,72,36
14.4672199635239,72,15
20.020763024327,72,15
-8.33952314905069,72,38
-27.1283532512523,72,56
0.481794311261328,72,28
-2.93181065820699,72,35
-11.8003156551057,72,41
-1.71048040705611,72,32
-18.9379525675346,72,50
-5.64304165047599,72,36
-17.6117471587799,72,48
-29.1760733755652,72,60
1.75264965202874,72,31
-2.63271359889858,73,40
-19.8431062986557,73,54
-11.6899233777141,73,49
-18.6401460301446,73,57
-14.7502078193589,73,43
-13.1587293114403,73,48
-1.46335924590291,73,35
-0.0383776000152731,73,36
-15.034995940342,73,47
-14.2610555392302,73,49
-15.611052536178,73,46
-15.2961341410611,73,52
11.986188722154,73,20
10.5735051561404,73,19
-5.16243440335207,73,40
-21.3409191781842,73,56
12.5623251553751,73,19
13.5096006942974,73,15
5.91672278194733,73,25
10.5012741747948,73,19
-1.61499834280846,73,35
-18.5430982022357,73,56
-28.6721261553037,74,57
1.90791550960038,74,31
-0.135399281827862,74,34
-32.4122958914753,74,60
-9.19239841425638,74,39
-32.987676070198,74,56
-27.7781465349835,74,55
-39.2779473406723,74,62
-9.36906385239764,74,41
-21.8695989204616,74,48
-25.4570688736066,74,52
21.0275085829084,74,15
8.97641332979003,74,22
-18.6013819080109,74,48
-37.5202323422604,74,61
-39.0286923166272,74,62
14.6266485607249,74,20
16.6300089502985,74,18
-20.7485321310608,74,49
-33.2820007118757,74,58
-30.8288224915437,74,58
-35.1485439024247,74,63
-24.7663194344004,74,52
-24.0715003025713,74,53
11.3998812982845,74,23
-23.325027385234,74,51
-7.52149144334168,74,38
-5.26995263674161,74,35
-0.455336881399702,75,33
6.31107591832034,75,25
-4.09398369569839,75,34
-1.67405446074877,75,37
8.55794260844865,75,26
-14.5456522318417,75,55
-4.43260625789801,75,44
-1.3866447243997,75,36
5.21283587948106,75,22
-12.878691817682,75,50
-21.2367908708607,75,61
5.0751517895622,75,30
-19.603569095759,75,62
-4.73608497309018,75,45
-22.9287878985383,75,64
10.0253133737834,75,23
8.44360075166255,75,22
-3.25254434886254,75,37
10.6951506902414,75,21
8.95351784911848,75,20
-4.46859759330984,75,43
-5.89875667545018,75,43
-1.85542581639124,76,46
-5.70807477385562,76,37
-7.4551017897841,76,33
-12.1808165909713,76,27
3.75068863706176,76,60
-9.10181706185371,76,23
-5.76188479119602,76,36
-4.04118445588218,76,31
6.98302285028425,76,59
-2.22443062358736,76,44
-0.884784745563914,76,47
3.72467024356916,76,58
2.85480643859496,76,50
-7.34505710840838,76,25
-7.06010317239537,76,28
-4.64830733816699,76,35
-9.83629481244695,76,17
2.11588737756453,76,56
1.17680194797377,76,60
-4.46068608993933,76,38
-13.9381653344406,76,16
1.27744340639238,76,57
-4.19737179129823,77,62
1.10146573749627,77,51
1.77993663619539,77,41
1.42923643882878,77,35
-4.72373418554755,77,64
1.92303289224685,77,38
2.60125408068724,77,29
9.88394495864698,77,16
-2.46096631018102,77,61
7.34971511377694,77,22
1.62354073782641,77,29
-3.22208578120131,77,52
-4.26731429332175,77,62
-0.423282006309754,77,61
4.50912936176644,77,27
6.09867842404246,77,33
7.45522981081597,77,22
3.69054534794436,77,32
-1.21287105789291,77,48
8.93089139024726,77,23
4.04315769982419,77,37
-36.7402700966804,78,61
-20.7840093092751,78,49
4.99644953180637,78,28
17.773409336085,78,22
11.3144669388078,78,25
-14.0643272558821,78,45
6.84695208531335,78,26
-7.27635852974466,78,36
-26.2527907162054,78,56
19.3870935972911,78,18
-15.6697496749923,78,44
12.6004885479194,78,23
-2.52974595514347,78,34
-33.3356553747687,78,60
8.71838085367497,79,52
5.92885703840772,79,30
7.57814690347621,79,63
5.27285251080628,79,47
10.4492051136378,79,60
2.24585074710526,79,21
-1.4900467287849,79,27
0.316264803927738,79,26
-2.94412892829927,79,17
4.69346935382014,79,54
3.53118948319965,79,46
4.95166119975242,79,52
-5.74539623076916,79,17
3.71794878139593,79,37
5.46445464752201,79,44
1.46563123226546,79,25
13.055307633129,79,64
3.68352983058222,79,53
2.14375570545752,79,36
8.0535168718543,79,63
1.66893051005602,79,30
9.53741587474866,79,53
11.29678388752,79,64
3.89360524261725,79,40
0.905580942986305,79,31
3.88168476126354,79,39
11.2327096185902,80,20
4.53505385329446,80,28
-17.7683950823035,80,53
0.697091649797721,80,33
-1.43560446207479,80,33
-8.81155657647772,80,45
10.0753172358416,80,17
-5.24444864050237,80,38
-6.01547536299744,80,34
-9.11066647696267,80,43
-13.094450380579,80,41
4.70082254948554,80,25
-20.1009852431862,80,55
-9.03617519160655,80,43
-18.8953168332527,80,52
5.8463725998403,80,23
-3.14222389066874,80,35
-1.6870157516843,81,40
-4.11302207716547,81,64
-3.22439351930126,81,60
-6.01090544158518,81,56
-2.13240431681895,81,45
5.70459910427752,81,20
-5.90062079329324,81,63
-0.66418992952972,81,34
5.3497954702383,81,19
-2.09146004499768,81,35
2.22772364520685,81,21
-0.539212694098156,81,33
-0.162051777194308,81,22
2.51709879191434,81,21
-3.89657087751553,81,60
0.75019625681903,81,26
2.45957738389426,81,23
2.03687618528771,81,31
-1.06381862934671,81,45
-5.22886020485553,81,59
2.330072472502,81,16
-0.808926557876937,82,19
0.298735790227925,82,16
-1.96833273946954,82,38
-3.72353659808675,82,58
-6.31560123072997,82,56
-3.79396727754191,82,52
-2.95911449471275,82,17
0.800318675895581,82,44
-1.27774398687377,82,60
-0.963643032859878,82,27
-1.49543777873827,82,23
-3.18239202049522,82,56
-0.594690187024096,82,33
-3.31637284972957,82,50
-0.272941290575788,82,45
-3.48697730136483,82,40
-0.0616047742808743,82,47
1.53568275779609,82,24
-3.25463010549236,83,34
-2.51375421036961,83,36
5.8402752126556,83,56
3.88226555903868,83,39
-4.69588511291786,83,21
-0.119875300114032,83,46
3.87057105574879,83,51
1.65787410622682,83,33
-5.64701785624283,83,17
-0.125029392433279,83,36
4.68420976875149,83,63
-3.14562522559477,83,16
3.67957493001453,83,54
3.50774575450104,83,46
0.299313920624553,83,39
1.83203320872132,83,44
3.81938374491587,83,47
2.10449183138596,83,54
1.15594609434156,83,37
-2.68034621270076,83,41
-1.73408785403063,83,25
-2.20830135435845,83,20
-2.75692897691464,83,25
-0.322900133019905,83,31
-2.67812953377302,83,20
0.602312920984748,83,53
0.0394576718887902,84,33
-5.3407464846637,84,50
-2.64881112588254,84,43
-9.17410089661152,84,55
-5.47292027152176,84,44
-4.62993989540488,84,41
-8.27571586296875,84,47
-0.650726921354889,84,33
6.50875850521277,84,18
-4.76214939815572,84,57
-8.60757916145525,84,51
-1.14590897440593,84,28
0.413163222972427,84,43
-4.78974859259535,84,51
-0.379134803813702,84,33
0.421512369059673,84,35
-6.4752844897787,84,53
-34.8232447771047,85,59
-9.25826595458914,85,40
-22.9526965688444,85,49
-26.8769249334881,85,53
-33.7671040937948,85,60
-28.2984978925421,85,51
-1.4007846432868,85,29
14.5071766481274,85,21
-19.5940136384433,85,48
16.2137075431616,85,18
-34.4433004781854,85,58
15.7850999418682,85,19
-5.06421386669631,85,32
-27.3726051750136,85,52
-13.4707003099968,85,40
7.65444387996206,85,28
-25.0288915962326,85,49
-10.7949982147259,85,38
-1.41677718479713,85,30
-1.14394358807646,86,37
3.13162972929346,86,42
6.31946207259337,86,56
0.730654777144307,86,25
8.09067316498755,86,49
-1.62749911783424,86,33
1.02635847582834,86,22
3.80773855255602,86,52
3.95575847221925,86,24
3.3537569385947,86,43
-0.539064275819975,86,29
4.02780426524145,86,46
2.26399713572787,86,38
3.22264414612396,86,40
2.24327101868078,86,60
-10.9799426793407,87,58
-2.39967539073084,87,43
-7.70898148289315,87,46
-0.76149583546268,87,36
8.24625160626982,87,16
7.77713644423842,87,15
-9.43473335781486,87,48
-19.7088444286773,87,64
-1.05849261062885,87,36
0.611227312784203,87,26
-3.11744999497852,87,36
-4.51221264680823,87,39
-5.42806677229747,87,42
-17.2360750911355,87,64
-4.08578367697499,87,39
-14.9904579709,87,63
6.87487159492354,87,15
2.00723120520344,87,15
-4.23644898908545,87,33
2.54876863310076,87,23
-14.1944171050952,87,62
5.00976099412641,87,16
-1.89406612006778,87,40
-2.26586199663296,87,33
-11.9777716030426,87,56
-5.80187120749649,87,38
-14.7492578888014,88,53
-6.02666210189333,88,44
-11.0975116771453,88,55
-2.11441020290112,88,39
-2.59789918480809,88,32
-10.1997049679856,88,51
-4.4935887271869,88,33
-7.61406905604136,88,40
-2.36354191802214,88,35
2.06345553049561,88,33
-5.20683853853327,88,39
3.79539080801037,88,27
7.4360649707152,88,17
-19.4249129593846,88,63
-11.5561138831892,88,51
-16.7840494033604,88,64
7.18777728560173,88,15
0.53910553280232,89,43
1.6692059344452,89,43
-1.35880505082533,89,30
2.28966274548194,89,62
-4.4840510605906,89,16
4.75329863291468,89,55
3.02120780333592,89,55
4.92629862430673,89,62
-2.40384257153496,89,39
2.8649561043249,89,57
2.76446886828284,89,60
5.34897639209735,89,62
1.77943989794349,89,51
1.53824967752984,89,51
4.36127545126949,89,51
5.12417094355632,89,64
8.71537728937039,89,62
-8.00399426697077,89,17
0.0557674150025398,89,27
-3.03203439068681,89,20
-2.00515503554549,89,40
-4.04513209515491,89,15
-3.21708672423538,89,19
0.0215911005050078,89,40
5.0101367456422,89,63
0.007751527277156,89,25
-3.46411363653151,89,16
-2.41269219280004,90,33
1.36969849208759,90,25
0.648567385720343,90,20
-4.78581270618079,90,47
-11.9706074217563,90,60
-10.2215249978907,90,59
-8.81222818067297,90,55
-13.0290557371192,90,61
-11.1042618029417,90,59
-7.7705184169044,90,56
1.2969730398614,90,27
1.57615022683021,90,30
5.97239448672562,90,18
-9.90195051817942,90,46
2.32990969001082,90,20
-8.44353031306582,90,48
-2.17536752725521,90,43
-10.480829157516,90,54
-0.426355770314156,90,31
1.36440439505597,90,33
-4.67008857039338,90,46
-11.3882925728408,91,44
-20.7196979694006,91,51
8.21917095851007,91,24
-28.646214952606,91,60
-3.41319546133807,91,38
13.3833118966404,91,16
8.59239720354984,91,22
4.99252989283977,91,26
13.9392958009965,91,17
-8.59110975665508,91,48
-6.75635314798558,91,41
-6.44054825173851,91,44
-19.5525056937902,91,58
-2.89443813773382,91,35
0.865185846605048,91,29
-24.599078383201,91,62
-20.5830986800595,91,60
-10.6739836976709,91,44
7.32902653090655,91,23
14.8997908787672,92,62
12.1325570338954,92,57
10.2104813306085,92,55
-6.64452353223359,92,27
6.31899058436223,92,45
-13.5275048516749,92,20
9.80336974307778,92,45
9.46461638914923,92,51
-5.95720565970268,92,24
-1.41591497005176,92,32
1.11734227420066,92,36
16.1442376300126,92,61
18.0665624365071,92,61
11.0886529085465,92,56
8.9664206741106,92,44
-7.91796965923948,92,22
0.547731397684896,92,38
17.5399063743825,92,60
3.00407494268231,92,40
-4.40514015387049,93,31
-12.2615513576844,93,48
-7.56561260594995,93,49
0.298398413858115,93,29
-8.58963816987344,93,45
-3.63963743252592,93,18
3.51649304383726,93,18
-4.03539070016377,93,34
-10.9399666152318,93,50
-9.23019518457073,93,55
-9.32509880058141,93,51
-11.2194832455968,93,58
-2.65041024872698,93,21
4.78658489573305,93,16
-8.64943687069166,93,50
-5.0222254257509,93,44
-3.51691917365102,93,45
-4.20417047192577,93,29
-9.40457459125068,93,54
4.13389335443021,93,16
-1.29175937271777,93,16
2.43015846938077,93,23
-7.49648806290897,93,53
-13.8147024970157,93,63
-15.7504599749077,93,61
-2.382609439653,93,21
-25.8955914821071,94,62
-14.3280434544184,94,49
-1.00531628611546,94,29
-20.682533547296,94,60
12.0891994016214,94,20
3.62288167973148,94,26
-5.70425879808773,94,37
-18.8519091286936,94,56
-13.3596495469932,94,47
-0.61879661498278,94,37
-21.6076643725866,94,55
-10.6199877876964,94,46
1.396625335854,94,34
-23.0271551185786,94,57
-26.9846031104759,94,64
12.1456777932041,94,18
19.2667825603538,94,15
-23.0483818673038,94,60
10.7099765561396,94,22
-12.6031465231064,94,48
-17.2791777878246,94,50
-7.17560587785983,94,42
-1.69315259730018,94,39
13.8860122939301,94,17
14.1294024281725,94,20
-1.45684031859618,94,33
-29.7725535025504,94,62
-29.2229457940413,94,64
4.40511516182775,94,24
-26.3629688591178,94,61
-15.2782473073785,95,39
9.51056129513079,95,27
5.59238605938049,95,28
-0.654168558000098,95,34
-22.2760909738554,95,43
16.8454811272878,95,23
-51.6063209845179,95,58
-38.6155306518284,95,53
-44.4839688488487,95,55
11.1007034878843,95,27
-6.76928069303372,95,34
-63.144431709176,95,64
-10.5023117750255,95,36
-32.7851373267933,95,50
6.33671347310163,95,30
-0.914882559688125,95,33
1.2778093036138,96,21
-1.58593498584648,96,19
-2.38663367139804,96,48
2.0146856078792,96,54
-2.43289906443311,96,22
0.232307861068548,96,31
-2.22741403921632,96,55
-0.516063206229543,96,36
0.335121070444061,96,58
0.0494314141951413,96,45
2.75620792866204,96,55
0.683845772679518,96,52
-0.145412686027562,96,26
-6.22313326084057,96,59
0.0866696522232693,96,18
1.23070735932395,96,30
-0.397756690352314,96,19
2.35697661483163,96,36
0.179041366652282,96,35
-0.443326940808139,96,31
-1.71261253417088,96,16
-3.88037194099429,96,26
-2.94657459656238,96,33
11.4299981940952,97,15
-0.362520974464179,97,36
7.66099175864237,97,20
-15.298878470191,97,58
-8.35607943740825,97,49
-12.6682578064442,97,54
-7.44404283882962,97,51
3.72188499852985,97,29
7.52279199751831,97,17
-11.2198613512071,97,48
-2.41869512994469,97,48
-0.982030317940161,97,35
10.0269480559111,97,15
-13.5574927547607,97,56
7.11815019241538,97,21
-15.0360786307645,97,62
-12.5940865693297,97,58
8.30148587908722,97,17
-0.564482260803472,97,29
-11.6243754973311,97,46
1.50062876057006,97,31
5.01410365752276,98,18
-10.8183573750152,98,62
5.56925685672897,98,18
5.51649510090753,98,15
-8.92190000002432,98,53
-10.4607408800417,98,59
7.5424208665729,98,21
-2.52566243890932,98,41
-13.6453498658819,98,64
-2.74149236523346,98,39
-9.17275542448075,98,52
11.2174279167392,98,17
-7.41978353373344,98,49
3.63001439871177,98,24
-13.1250245121244,98,63
-8.52440959864918,98,48
15.4553907899866,99,18
-26.4981178039727,99,51
-37.0074541638659,99,56
-40.7077354360334,99,59
-34.2493861430794,99,57
-14.3988596625455,99,43
-44.1946501546175,99,61
-20.9776291549179,99,47
-2.19935164395369,99,33
-10.195924382313,99,38
6.94060985385982,99,25
-0.0668911695352769,99,30
24.6495287673286,99,15
-31.2064766422215,99,55
-36.9537988117821,99,59
-34.5193746887351,99,56
6.21424577416346,99,27
-7.31647800765624,99,37
20.7737846907244,99,16
-42.9368477686099,99,61
4.79735634667503,100,21
-1.40754893345093,100,29
-4.40407271195991,100,38
-4.9675512684862,100,57
-1.80334840926532,100,39
-6.00132488218647,100,46
-0.254371376159528,100,36
5.27365382982065,100,15
0.856039934162401,100,28
11.593464167787,100,18
-1.9387616639205,100,39
-12.720414254401,100,63
