"agemarried","ethnicgroup"
20.9452218360953,1
24.7464153616112,1
19.4186067510153,2
19.5190533530749,2
21.1245967980452,3
17.3655248052188,3
21.2081096931435,4
18.7264774794542,4
21.8693703347026,4
17.4786967672195,4
18.2577917359471,5
20.6248798263508,5
21.0463229124058,5
18.1965013231321,5
14.2926661076534,6
22.3626511280865,6
17.8270699719325,6
20.5085076817165,6
17.41074660633,7
19.9117243384314,7
24.0661537549483,7
21.4899046878834,7
22.5594403797367,8
23.6683002481844,8
19.1428644825495,8
21.9358854952732,8
20.6870711677719,9
22.0030010654361,9
18.1185243535109,9
20.2058017730039,9
22.3041593197963,10
28.4030927494396,10
24.1513869738314,10
16.2304780290391,10
18.6570909640368,11
19.0048002858339,11
20.2589605741133,11
17.2241799260198,11
23.7234043736167,12
20.3450106071472,12
21.5235352206065,12
22.9382334429213,12
18.7788228518259,13
20.1646450595848,13
23.1508932160399,13
19.0676053311336,13
16.9030657447865,14
20.6674910385364,14
17.6510384342139,14
18.68331970554,14
21.4131424530637,15
21.3202059292189,15
22.7564430925437,15
19.0387512545873,15
18.5535279233604,16
17.8747124755639,16
18.8655191027416,16
23.1694493027591,16
19.9282191480547,17
19.9947030624121,17
21.0733748168509,17
17.6168162637015,17
22.0089740958821,18
19.9850439513414,18
18.6918796975649,18
20.8504036854525,18
20.8027889117469,19
20.8658940064074,19
20.9393742686299,19
24.2635339745025,19
18.3275891762395,20
21.3419282605939,20
19.7622491210605,20
18.877958084445,20
18.1445696676552,20
18.6991968866284,20
18.8815822583101,20
21.6146519131224,20
17.8706630638308,20
22.7200563736317,20
19.0918384540009,20
18.1261250858891,20
18.0175898450251,20
19.8096198788165,20
22.9294785005482,20
18.9848872277934,20
19.2419778097365,20
19.8435537158612,20
19.5602323022484,20
17.9500800448903,20
21.4099913043657,20
16.972360440973,20
17.4732481823725,20
18.6025462403433,20
18.8765270251034,20
21.5416076011891,20
18.1872910023353,20
19.0770252615877,20
18.7686374955462,20
22.6411765676655,20
22.3310518276772,20
17.3166096060302,20
20.306437582794,20
16.8390059583381,20
17.775262045556,20
18.2701864213601,20
17.7388052882391,20
19.8905954900632,20
18.8070375732139,20
20.0458131623482,20
21.8926840205047,20
21.7756147555283,20
15.2908316159102,20
18.9245854854994,20
20.3862019863071,20
21.7630807308634,20
18.2923780177341,20
19.6890647633829,20
22.6975261658811,20
19.8313966454549,20
23.1852150417194,20
14.9998986362247,20
23.5011645102244,20
14.6834366228838,20
21.6995743253247,20
21.559855227857,20
18.6735943409925,20
18.7714077179493,20
20.1445050699387,20
19.7731861041739,20
19.9118860937525,20
22.0614220292567,20
19.8919588596857,20
15.3048981640416,20
20.2659572851478,20
18.7879477005673,20
21.119235964658,20
17.6835318090724,20
18.9322684785245,20
16.3576414626087,20
16.4663412816683,20
15.9439326521176,20
19.4818802628487,20
13.9501811457993,20
21.9424262915817,20
18.1321665109968,20
19.4627484185269,20
21.8296120043406,20
20.0358470194704,20
20.2767864643409,20
18.1601885004346,20
16.8448921206877,20
20.7165554100676,20
19.0273973467941,20
19.433331938049,20
17.7842196225135,20
18.3199901052343,20
14.8505539005774,20
16.1286693524848,20
16.2909075028233,20
19.0727986569001,20
17.3006095770576,20
20.211589970697,20
19.5038761034527,20
18.4364998752113,20
16.2225454771635,20
18.0915440993961,20
21.2188607060736,20
20.3870077924091,20
18.8096740314964,20
14.9446911708458,20
18.4610074422195,20
13.5848266417353,20
22.9810942693202,20
19.5008337840576,20
21.9555408107004,20
19.0854871239277,20
23.5845072590063,20
17.6361252341082,20
21.1093895491061,20
19.4115216421251,20
20.8876687224746,20
16.7829463738376,20
23.9097353597802,20
20.0382814538574,20
18.4399829548268,20
17.2522096925501,21
16.5739764408321,21
15.9919855200632,21
16.1895798618726,21
19.7040838111281,21
21.8677726504223,21
20.3324910335767,21
15.7604697671193,21
19.7961661615866,21
22.6247956105161,21
21.6540355679407,21
23.3124783705303,21
20.4638246361972,21
13.0459080145613,21
20.9094258459048,21
20.0508469907428,21
16.1880821836948,21
19.3617552423454,21
18.2809007690212,21
18.7377299231906,21
20.5672012478591,21
18.4409319384771,21
18.3208279370373,21
16.7111320061725,21
19.9692289125559,21
20.726590743631,21
20.7681037928556,21
22.0030184071373,21
14.8939920815832,21
19.6911077940346,21
16.9560643498909,21
20.8422312971643,21
19.7847094811307,21
17.4872036667005,21
18.869552383286,21
22.430421062163,21
18.5417758188505,21
16.1748172162327,21
21.8030493867444,21
21.9641869218442,21
18.4103462514736,21
22.932905422134,21
19.2924985788949,21
17.0766217288927,21
19.0125779961688,21
20.1333405620327,21
20.7496019166799,21
20.3949367651378,21
22.0970180207261,21
20.0865237211364,21
20.6582100275748,21
21.6758179867152,21
19.2920325539763,21
18.0415255527956,21
19.0603551524254,21
16.9579279002768,21
19.7240537376471,21
20.6322547753267,21
17.5304040421343,21
17.8857187032732,21
17.4078223099916,21
19.5437677951667,21
22.4578092626909,21
18.359271968774,21
18.3675433232981,21
19.5740073904076,21
17.6737070402504,21
21.6546042320896,21
19.0208450983603,21
21.8867684465254,21
20.9035628679272,21
21.2145772811091,21
16.6663848006831,21
16.2632982739238,21
19.7426106615068,21
18.9080516726112,21
18.9461600031683,21
19.4202638856699,21
22.8258279903019,21
18.7010536408934,21
18.389412631193,21
22.8793377818675,21
20.0719706652233,21
20.1095001275113,21
17.034594309683,21
21.1231430151254,21
21.961970484739,21
21.0532465655482,21
17.3255249326684,21
22.5254092146585,21
19.0290931622831,21
23.2978820001553,21
20.5541405715722,21
20.4572182125248,21
23.6400077463252,21
22.0413283749051,21
20.5460397425042,21
18.0525325918142,21
21.4279277934201,21
21.162090875578,21
18.5983437466782,21
19.186338403877,21
19.0743728097336,21
16.3371166975377,21
20.9811922126548,21
16.6474407296141,21
20.3155757216331,21
16.531564720601,21
21.5374869699302,21
21.2694172130121,21
23.3695760616053,21
17.2530019400739,21
22.033793132973,22
19.693143823419,22
20.5559103273081,22
19.2956648720395,22
20.9540860766966,22
17.9013038916223,22
18.3197313144417,22
21.7652074461314,22
14.3516952890264,22
19.5784474098671,22
19.2359325259667,22
21.6170157593065,22
20.9852361883342,22
17.4154778469813,22
23.0897542578778,22
22.2354500267643,22
22.9994638409403,22
18.1781939129732,22
23.9332289243831,22
22.5352375316297,22
22.4375887465548,22
17.7036471714716,22
19.9879350755,22
20.5005507770847,22
17.3869775998689,22
19.7210526144003,22
21.6789960336947,22
20.7538000158185,22
20.6065230918087,22
23.0176054086715,22
18.6147446323977,22
21.7101742944049,22
22.2592520196964,22
17.5097521956479,22
16.1426178490855,22
22.0451431491504,22
19.6225617127292,22
24.9143961895025,22
20.7612622661004,22
20.068923472175,22
16.6621574617213,22
18.5051986474322,22
17.3665938077214,22
25.8214816055888,22
17.5647329783861,22
21.3667797294512,22
22.8069820238778,22
19.4763700947734,22
20.4127604807302,22
17.9602879711346,22
20.1120388548492,22
19.4019821708177,22
18.6173044625894,22
21.3179477119701,22
18.4585147976241,22
17.0339441875594,22
21.7699740136985,22
20.5279893491831,22
16.8782969658603,22
18.7163477837351,22
21.8264857387873,22
18.1289689354574,22
21.6737831288619,22
19.4690443443016,22
17.2880794573491,22
21.065594263395,22
15.1461863111844,22
18.8303138358928,22
19.9520251371681,22
20.6258373599741,22
20.638000898507,22
20.3531432635865,22
22.8939140564949,22
23.5532551704397,22
23.7878833816269,22
17.5013678108827,22
18.5110709374099,22
17.6066298485673,22
19.2871021967781,22
20.7346747014385,22
20.4981171325346,22
19.661608720668,22
19.8133906856291,22
19.2878260581497,22
18.4026943216989,22
18.6566994031859,22
18.4658909563837,22
19.1095713830873,22
17.3349115505431,22
22.5897452752425,22
24.0262275199818,22
17.5062248253089,22
22.6350354087516,22
20.3504818269001,22
20.1775026306323,22
20.2409074698319,22
21.0383008398964,22
20.3294208497249,22
18.402159807664,22
20.4001934054809,22
21.8730727931204,22
19.652174459784,22
17.6751522282816,22
16.8213881667049,22
21.3694048092555,22
19.9961509303376,22
18.9375073128228,22
20.5752002660412,22
18.7320075339904,22
19.9592563638461,22
20.6957457051469,22
16.0462075900094,22
18.1553524827679,22
18.2541009225809,23
18.42275476389,23
24.002378621143,23
23.2645825783342,23
22.426045524576,23
20.1558077892078,23
23.2664317039418,23
18.4550867149464,23
16.9054263837422,23
14.8432830402053,23
21.3520015664955,23
20.9703156958664,23
19.3171915444454,23
21.8756914778933,23
20.9821090774458,23
20.2922573740794,23
23.4458177245089,23
23.7772720198576,23
22.9822252131532,23
22.0905558394644,23
18.8944437734801,23
20.4007214449384,23
20.8085633311544,23
21.1965460446431,23
23.1332012418108,23
18.0584334528519,23
18.1861363483649,23
20.7772825577242,23
17.955559293613,23
23.1307864054236,23
20.5610812582244,23
15.5117719792792,23
20.4204162961041,23
21.3201967427631,23
19.3548732815471,23
18.3657551641491,23
20.9234268552274,23
23.3451454490193,23
19.9384500330212,23
23.1179924550706,23
23.6997815815432,23
18.3692492228315,23
22.6286007824083,23
20.6814133478429,23
21.3888982842448,23
24.407766991056,23
22.8583646273538,23
19.9324602279825,23
17.8957110078687,23
21.6236022977323,23
21.9525198007407,23
23.3245233030401,23
23.7561711446524,23
21.3282921833248,23
21.2324804736993,23
21.7788223590767,23
23.0642670036449,23
21.2321845709153,23
20.1192692846655,23
18.7890110155053,23
20.9246529433369,23
20.866820474467,23
20.8982119260837,23
20.1090485345264,23
19.7153695088617,23
22.7493198591268,23
20.6104337585969,23
24.0144492854142,23
19.331485842809,23
17.2094799307954,23
20.5774293309699,23
22.7212624258213,23
20.5904143335874,23
17.7396510955672,23
19.7320336749975,23
20.8192972670741,23
23.5059874512821,23
23.1439793536805,23
22.5196067232967,23
21.8401387130983,23
19.2701737557038,23
22.5196789008359,23
23.3341766489857,23
22.3817746790254,23
23.2504607218369,23
21.505589077699,23
22.9344773678002,23
23.704511633259,23
18.9608072748021,23
23.9356383191662,23
22.427111076845,23
22.3081179984184,23
21.0444700175893,23
18.9873494257687,23
18.3971948679116,23
21.5027685609684,23
20.6087032045868,23
23.0274340218811,23
20.8647334061948,23
20.1552014732668,23
23.9201167085159,23
20.3666890111419,23
19.5484542554866,23
22.2404930327638,23
23.9038148055826,23
18.9436272478677,23
20.3509405668745,23
20.2067073171571,23
20.9629640148864,23
21.5597311561564,23
22.3575117271649,23
23.9897268629568,24
20.4363126526114,24
21.8676763147185,24
23.470809080495,24
20.7066420271529,24
22.8082346513267,24
25.3839651814235,24
19.2105756314402,24
23.3440153268005,24
21.7511434076954,24
19.8932302407853,24
22.4222227693125,24
21.7966622658601,24
19.8480706828931,24
21.9353485609731,24
23.0644926549165,24
21.5005413450559,24
25.4905840876219,24
25.0212238529795,24
20.3930720627907,24
24.6524186470312,24
24.4185339465958,24
20.6007829336444,24
25.0333773526697,24
25.2271128002311,24
23.1479632098064,24
23.6798457177279,24
19.8703668006312,24
25.6238332690385,24
20.708270610181,24
21.1744797545136,24
22.9187385437515,24
22.1018806285414,24
25.2617651565755,24
20.4258635818909,24
20.820083016996,24
22.4221273777648,24
23.0227711497902,24
27.7533984684827,24
19.2955436314023,24
24.1290943695145,24
23.6747555430904,24
24.1010647193779,24
19.357504671288,24
22.6233834114292,24
20.9040164042506,24
18.3893038599846,24
20.0911660880467,24
19.807631462903,24
25.1710265974237,24
20.4801232960682,24
23.6915486142255,24
23.1074473482025,24
20.3061642972803,24
22.9719409414045,24
23.0083439416416,24
19.5905381551197,24
23.3458383025517,24
21.8847179774737,24
21.4167371143522,24
20.1249539398592,24
21.5474749065824,24
19.7258938818667,24
21.8476180410416,24
21.6300902570969,24
21.4050170990659,24
24.1229982040454,24
20.6573814284251,24
21.6309473871704,24
23.6232929450888,24
24.5375469908829,24
21.6871194833848,24
22.0261043426469,24
24.0938658258914,24
22.5352681149067,24
22.5592509017843,24
21.3755204124613,24
22.0952355010507,24
21.910078426935,24
23.0476212555373,24
21.6049544919148,24
21.2812193173364,24
21.7456376460495,24
20.9771571910236,24
24.9918092902717,24
19.775989046674,24
24.320806357552,24
21.8747054139116,24
17.8544828777251,24
20.8058447950736,24
24.2075603426688,24
19.3097574416798,24
22.1606259163246,24
19.4396525521517,24
22.0576912048042,24
23.9430397158562,24
21.485120956082,24
23.8095938309253,24
23.3535065840166,24
24.314485532702,24
24.5609662527023,24
23.8964179077906,24
22.676550063913,24
22.0201733647657,24
22.1708746179437,24
22.6222261693452,24
20.0946446202938,24
20.7070016923032,24
20.5861228174463,25
20.5338288604311,25
21.0191268913451,25
21.4711813184044,25
19.9925890835679,25
17.1135364592963,25
25.6172328966192,25
19.9492396514963,25
23.6263087986989,25
20.3468911060993,25
22.5816177481485,25
21.3084914974253,25
22.7849360658762,25
17.8842617074775,25
22.0575408852666,25
21.2835676628394,25
24.356855634014,25
20.9195440467611,25
20.806065115575,25
17.9042806066907,25
21.9106547182339,25
22.8199984040051,25
21.1129990468776,25
20.415562634471,25
22.3028506096915,25
19.1895009690687,25
22.2116352360132,25
23.6069612456992,25
21.2533724459943,25
20.8056034082516,25
20.8838925773941,25
22.5540337917961,25
19.0362894472441,25
19.8974839607623,25
18.5957511798375,25
21.048340639411,25
21.5065821988815,25
21.7543743904585,25
21.2463588879397,25
17.9236446733261,25
19.028098982841,25
20.9903467821201,25
22.133798555504,25
21.9581159442647,25
19.4847568127458,25
23.625541458306,25
21.6729126555734,25
20.8837273338722,25
22.1195135040995,25
23.28776553414,25
22.786296385236,25
20.7902757324,25
19.220048409409,25
23.308054398333,25
19.4918959108247,25
20.2092907550942,25
23.8730076835128,25
20.527864376933,25
21.0706173726272,25
22.5283374534714,25
24.2525260821028,25
19.6138983055811,25
23.0685527085304,25
21.5248963334979,25
24.4243638361106,25
23.5033842948762,25
21.4893632439827,25
20.0727059723942,25
18.9856075961748,25
19.5622904423127,25
20.6976757424242,25
19.1670543356572,25
21.2952898047892,25
20.5107022634795,25
25.5383176799416,25
23.7816791354367,25
22.598745468369,25
20.4652017441645,25
25.6158943613542,25
21.0248367824315,25
21.5084590162778,25
17.7217356986864,25
23.7713189671482,25
21.472642842272,25
19.5511338566885,25
21.5667291246934,25
23.7367322409044,25
21.7455077995596,25
22.1889869825774,25
23.701773417131,25
19.7483311640399,25
21.083622300042,25
22.9628046175495,25
18.7919237562165,25
23.9767083868151,25
19.4264500885707,25
22.1196379030543,25
21.9367945565772,25
20.3935939156706,25
22.0149090072945,25
21.1977077328071,25
23.3700754690594,25
18.8916973221312,25
24.1775701332448,25
21.0765287226261,25
20.0986244430389,25
19.456287970331,25
23.7420177341464,25
18.5050351124217,25
21.8581168109367,25
20.3898470859502,25
20.0451600592178,25
21.2606892583535,25
21.6997478273358,25
20.2222045688633,26
19.4649058396245,26
22.4183539558885,26
22.2824925736194,26
24.257894075422,26
18.9827625340213,26
18.9440063133428,26
19.3298438565082,26
18.6655259085249,26
24.9285192281207,26
15.941169564626,26
18.1366466636664,26
19.4415874165655,26
20.4809870275218,26
20.6643653324622,26
22.9898783237159,26
23.5218407426125,26
18.8771732135866,26
21.4104482730673,26
17.5842473331496,26
22.7432965161415,26
19.211681022243,26
21.8499433919271,26
18.9703276272108,26
20.9940411180109,26
20.945406192419,26
18.814718076462,26
21.719480764628,26
27.5120719517209,26
21.0009699552705,26
20.1278165463522,26
19.9298816983179,26
20.2392524110101,26
21.2978688297099,26
19.2167511908199,26
24.0035308412293,26
22.1650240606915,26
22.8070806320932,26
23.7275705559034,26
18.7815630202024,26
19.0864107355299,26
21.6173114739262,26
20.0004672971789,26
21.9825764986517,26
20.820733736342,26
22.3721355232768,26
17.7461121928803,26
22.3657600243918,26
17.2691905814523,26
20.9235906260271,26
21.9012551013213,26
19.3705422066504,26
23.9616551535903,26
21.3965102371015,26
17.7407381543355,26
24.0841377166417,26
21.5814383302962,26
20.4079239496028,26
22.4102547709358,26
18.4598244985788,26
20.9635966019885,26
21.5265202964345,26
15.1176633228125,26
20.1400777819165,26
19.579016360786,26
21.6713098890789,26
23.186642063348,26
21.2555675876175,26
19.355922351646,26
20.8066784537084,26
18.9397988871279,26
18.9432498408469,26
15.9534423353484,26
20.4383211369841,26
22.1358454821815,26
21.5031465232344,26
18.8630923770165,26
20.0233605989287,26
23.2216398538906,26
22.4389292861202,26
22.0392513184714,26
20.3179271081,26
20.8548522479359,26
18.7317592515726,26
21.0380953461217,26
21.7694060419117,26
21.069877741533,26
21.389555776803,26
16.1509576608088,26
21.5331693630399,26
20.3057169964895,26
18.4372130872201,26
20.3573836335862,26
21.3401564581336,26
19.0493833201154,26
21.002903761001,26
18.6025870080903,26
18.7969047598832,26
24.5885475524972,26
22.5083663081014,26
17.8016054028869,26
20.4849575386739,26
21.2225679064071,26
20.3453224402525,26
23.1506732373322,26
25.477838466083,26
16.9388918110351,27
19.7863892499255,27
20.3335062131186,27
18.90922717477,27
19.0376210140985,27
20.5492839373147,27
18.3387905139726,27
14.1403943643852,27
18.991420173663,27
15.521391571317,27
16.8725795294808,27
17.6178864758693,27
13.852698821982,27
17.7297329447942,27
19.8711369772103,27
16.8513084458723,27
15.1239401661737,27
17.4930594869727,27
16.9499924154371,27
18.7186702667424,27
16.8538016142339,27
16.6943963381074,27
18.812304943721,27
19.0886131384785,27
20.386933037081,27
20.2277070127204,27
16.7857762731916,27
19.9081148272643,27
15.4474460816814,27
18.4170098381836,27
14.1223990770824,27
18.9063316696355,27
15.9500656753416,27
17.9492934889107,27
18.6449891375316,27
15.0971829050989,27
19.8925334643807,27
20.2898977877548,27
18.6516455762234,27
15.6265720408147,27
15.1275693532476,27
15.0898700565254,27
17.2042780163912,27
17.8834398579683,27
18.8031705526022,27
19.6883450054315,27
17.0599592685071,27
20.2991059585594,27
17.3573868511542,27
15.0954094468978,27
19.5239025985063,27
19.2108817852457,27
18.3328253530493,27
19.0793212186779,27
20.9571296506807,27
17.4367005703583,27
20.116925847225,27
16.9952083796815,27
20.8665560453197,27
17.7657280306038,27
17.6313143361068,27
19.3373998235473,27
19.3114920696866,27
20.9790528561311,27
19.0368888572309,27
20.1125760228267,27
19.4649466259554,27
17.1369743932513,27
20.6315001000756,27
16.1604660014423,27
20.1396525699546,27
16.3065890312237,27
20.0548002933962,27
17.8729305209805,27
18.167113564642,27
21.9598002778547,27
16.5764887376593,27
20.1918242095713,27
16.7386086652912,27
18.1467916732449,27
17.8501955847448,27
21.9797275425004,27
20.6413122796756,27
18.2476768249719,27
18.3654714795376,27
18.2603527904625,27
15.3402923466261,27
14.7287812588017,27
17.7226303664005,27
17.6863669520191,27
16.6439522092301,27
16.3122881345525,27
17.9916009604533,27
21.6644870238595,27
17.3949088832155,27
23.2019947740608,28
20.4545465301092,28
21.5663595778709,28
25.2950814878003,28
21.5372080837726,28
19.6505275180182,28
17.5342655097066,28
19.9211483692712,28
22.9430592967189,28
20.0165125643197,28
22.5780378438179,28
20.4665174442123,28
18.1424221066482,28
17.1551318523445,28
18.9268536938196,28
20.9621554610726,28
19.953793379451,28
19.3727972842449,28
21.1266060079721,28
18.7617158657553,28
22.8844103121965,28
19.75157570705,28
20.5990280538444,28
19.1400821691152,28
22.0424407756691,28
21.6969084517389,28
20.0574520260655,28
17.0086287852799,28
21.2672420689236,28
21.798980921902,28
21.9292368052157,28
23.0462852065196,28
19.3077298875145,28
19.4705618124756,28
18.3890233868714,28
22.6624201042322,28
20.0281625677858,28
19.3518391752823,28
20.8550162862504,28
20.5653732564851,28
19.676653007741,28
24.8802145556822,28
19.4663083416408,28
23.2301248487072,28
22.1473858318328,28
24.5800532702479,28
21.1670693121373,28
20.9653808872521,28
19.7149480398545,28
18.5437107533061,28
20.3440386641554,28
19.7610672322329,28
19.9153381707289,28
21.692996319165,28
20.0529847544747,28
14.1197487430775,28
20.5293289974996,28
21.3237999915717,28
20.8059813084582,28
21.3493470546096,28
20.0466346117106,28
22.85206912472,28
20.2694452829538,28
20.0298378186618,28
22.7968097849591,28
23.3328978697967,28
20.109509103675,28
20.6940469923722,28
19.5270020438424,28
21.2070602017747,28
24.434308901352,28
22.6997989571678,28
22.2386062863772,28
21.8805708638888,28
20.5241098613093,28
17.6153689908468,28
22.4453856243989,28
21.2370952760015,28
19.9097584119455,28
23.5698879690672,28
22.6385519128295,28
23.3672457766782,28
22.442180796699,28
19.4230596437201,28
20.4374158521965,28
17.1264335107723,28
20.5449084610494,28
17.3914131863585,28
21.1717835170449,28
21.2560336002284,28
19.7107502710929,28
20.900831721888,28
17.7112513479213,28
21.705687058342,28
24.7518257148881,28
22.15107328777,28
24.4120241546847,28
20.6535856471153,28
20.4015882710201,28
23.2423039777765,28
21.958124094,28
22.5493997038501,28
20.6768021707504,28
20.8520641032234,28
21.4475301147743,28
21.0344334837395,28
22.5302160515366,28
20.2114283892936,28
19.1069538798973,28
23.9064958282908,28
19.4716123434908,28
21.5240132998099,28
17.2257050538472,28
19.6599209065947,28
25.7900849827752,28
21.1302695863768,28
22.5802069790784,28
22.0336111185444,28
18.1079103922808,28
22.6660456846293,28
18.9039406213956,28
22.3731055379913,28
18.5360962537443,28
20.8842063456417,28
22.0078548043648,28
20.2951550912758,28
20.6578740556426,28
21.8993264791586,29
22.1938680244488,29
23.7891966221308,29
26.4028579008661,29
20.5279435124949,29
23.4123427324482,29
22.1387386012854,29
20.8933080919112,29
20.6477446836825,29
18.7602171918845,29
22.7354882565777,29
22.8275030835309,29
19.7495131960459,29
18.3509179281828,29
20.8139970769662,29
22.987547130746,29
24.234777391259,29
19.6403572897493,29
20.513056711586,29
24.1798855314044,29
19.9474978787738,29
18.7328642989832,29
21.4510157385224,29
25.5088760060881,29
19.2490937524435,29
19.8072490697542,29
20.545645349703,29
20.8715763642379,29
19.9757206545674,29
21.7101405819054,29
19.4412407512342,29
20.484117428008,29
22.1053357632881,29
21.0172404459275,29
22.1330378846491,29
17.9721321841947,29
19.0929538040189,29
20.4438165106241,29
17.6044950399339,29
21.1345186156463,29
22.5964777027025,29
20.490901328403,29
17.4726272183979,29
20.2575857694107,29
18.1532371570419,29
20.2227488582515,29
17.9518363131414,29
16.66801420241,29
22.456977748714,29
21.2728826733891,29
18.4250049503166,29
17.9293016364643,29
18.2968139753126,29
19.6796918961188,29
23.1562310033566,29
21.5125038662581,29
18.8386156568739,29
22.7090032050966,29
17.9708502965748,29
24.1082324779293,29
20.2524563349723,29
23.618188022969,29
18.7198531245507,29
20.6925598082488,29
19.7326290969385,29
21.4351642842824,29
18.8127510416324,29
18.3038356383105,29
18.8540201443613,29
24.2851966822324,29
21.2337421947836,29
22.8105737926486,29
19.2288973964247,29
20.5306995994684,29
20.5692552269169,29
20.2020726831273,29
20.4760431877895,29
21.3451131372396,29
19.1686003366569,29
22.293988299773,29
24.3438267939056,29
20.632522193862,29
21.7931952457151,29
21.1743670345818,29
20.6797410446447,29
21.649232487882,29
20.6387319173932,29
19.0145511498723,29
20.5756000677357,29
23.1873552699677,29
21.8932867858823,29
21.5441801546183,29
20.5257334658024,29
21.859232184392,29
16.6943002402742,29
20.6160309767896,29
17.7580766896975,29
19.9425089829568,29
17.9528376660136,29
23.28843667945,29
19.375996652297,29
19.7761157711892,29
23.2240391862014,29
22.3799208628508,29
20.0682836585925,29
16.7137535997017,29
22.4274407540658,29
20.0067246242619,29
19.3415930062422,29
19.6749210422812,29
18.5144514036454,29
17.9156427058188,29
18.7289150740968,29
22.9196974395204,29
18.6628198251259,29
18.6544734058569,30
20.3510792444908,30
20.1935186536801,30
15.4041834774006,30
22.2256506275725,30
19.6580842333664,30
21.3015947120715,30
17.4276183786248,30
18.4057427920705,30
18.7643350283429,30
20.6064729870446,30
16.8600236270762,30
18.3438470472817,30
20.5525326316453,30
21.4906118642036,30
17.4916455482921,30
22.1264307796253,30
19.0369853099223,30
18.9173037236056,30
20.6487089816444,30
21.0545300095703,30
17.7855098786976,30
21.0313624167832,30
17.404276074377,30
20.9793396955169,30
18.2413718028617,30
17.7283857757708,30
21.4202404710269,30
20.242758997352,30
16.8662531600178,30
21.0426620558288,30
18.7673501557397,30
20.4390609501114,30
20.2164945112607,30
17.3622829894223,30
19.0725527950063,30
19.2553083242553,30
18.4339134746296,30
15.3135348687134,30
18.2868679337209,30
20.2827560044318,30
21.2344123427962,30
21.5925089134744,30
20.729742204477,30
18.8988452214302,30
18.6107005062578,30
18.1406815993093,30
21.179735305704,30
18.0952618832994,30
19.7092302497157,30
21.1586688834554,30
20.0203837974596,30
19.6757175490813,30
18.4625119934885,30
16.9702423372612,30
18.7487272212993,30
17.589687207582,30
19.5810514837236,30
19.365251978853,30
18.6291601978563,30
20.4620750198516,30
22.2114479397602,30
19.4132219587079,30
20.3842632019323,30
17.2500017082961,30
19.1021972187606,30
19.3641489378817,30
20.2190261816603,30
20.0713898241626,30
19.6501080536029,30
20.0851867895656,30
17.5291530859312,30
19.6840670445705,30
16.0470265485001,30
21.1222555798193,30
20.6702973075056,30
19.2031629057618,30
22.6780688770724,30
18.2057338241666,30
21.8469049072508,30
20.7044831120654,30
23.6815032978846,30
21.8402636152848,30
20.82513287232,30
20.4677169531776,30
20.3701745444114,30
21.0292244533932,30
20.8288511747885,30
21.7029521180592,30
19.0214200366937,30
22.8423590044148,30
19.2509014116497,30
16.6906146694274,30
21.8525974626747,30
16.4571762518057,30
19.3788542727549,30
17.6054230902777,30
21.9173409140169,30
20.6326492031269,30
17.9367896614511,30
21.4344082417315,30
19.7380566928028,30
20.6978033160193,30
21.1254778328793,30
18.2879330792971,30
19.969840190339,31
14.3812292854249,31
18.7326241232935,31
21.1277407403882,31
21.4727667389464,31
20.6241614499296,31
19.9287833838603,31
20.9322433327929,31
17.5791730995926,31
18.0861909876526,31
17.6100007600655,31
20.1388553197689,31
19.5606309979074,31
20.2229038780824,31
20.2168729371884,31
21.7576216275961,31
22.9190277422115,31
16.8168004591925,31
20.3045846963585,31
18.2188841867996,31
22.2566262962893,31
20.8337852907264,31
21.8182936142096,31
16.9624784777145,31
19.5996714444287,31
22.6607590594215,31
17.7042002731265,31
17.4446902561615,31
19.1482699129732,31
18.0985245859076,31
21.1015257598011,31
18.5908064157839,31
19.0177684400129,31
16.7373389283077,31
20.1429677883557,31
20.7835619360197,31
16.8677012153492,31
22.3342388591572,31
17.5776561236311,31
20.3465969773313,31
19.7823807466438,31
17.6862293228902,31
18.3306911886031,31
21.3330695048808,31
19.3032801650773,31
19.1101644297257,31
21.2923034514599,31
20.1964723722395,31
18.9626308816291,31
19.8161922747051,31
16.7711958498797,31
19.9568701973715,31
23.8164199083056,31
18.9879683106698,31
18.3186134422911,31
22.1847878508982,31
21.1040294883836,31
22.2715853585409,31
20.6198758316083,31
20.2544112023164,31
20.8127816450304,31
17.7232867178734,31
19.9733183913487,31
20.3156935726256,31
23.1682728459747,31
21.1493339695965,31
22.7084353295321,31
19.5524363998489,31
17.7524974166819,31
17.806759161253,31
16.8570844164464,31
15.8425901501811,31
18.6807621957489,31
18.473370644064,31
22.269422207756,31
16.1826812397534,31
19.7529841187414,31
18.5791335931433,31
20.7495886376242,31
20.9809425452716,31
17.7554692743133,31
19.0951493539985,31
19.0031619204796,31
17.3307152261149,31
19.6705954617609,31
18.7057369425785,31
18.1356678609146,31
17.3999124191186,31
19.551422499583,31
19.5927352492177,31
18.1467895283715,31
22.634911781624,31
17.1131022853523,31
19.0564383934388,31
17.9805141054167,31
21.1471312103319,31
21.6665964212283,31
14.5126610633647,31
18.2746223224083,31
15.6282163880666,31
23.1084516374707,31
19.7136018833554,31
20.3127511633345,31
19.468403861658,31
16.321277724485,31
16.2657880212036,31
21.1979111083962,31
20.1591399508041,31
17.9753552253834,31
16.5776894541983,31
20.8198784576452,31
17.6234866048,31
18.8372852773086,31
21.0117106780589,31
17.6678504171051,31
16.7866628012929,31
22.4961806672048,32
17.5853300397876,32
22.2155356207056,32
17.6984540251494,32
19.4851740769727,32
19.6772171747017,32
16.2765091546576,32
17.1565722700146,32
22.3636578082598,32
18.5834974770074,32
20.7519473390705,32
15.3518231224817,32
20.497024076047,32
18.0249844091139,32
18.2788639989865,32
17.5563896021708,32
18.4855402184017,32
19.0143656406742,32
15.1643466064067,32
17.0276123090489,32
19.5344744794107,32
18.3869853628321,32
18.8393883590008,32
18.0330228764451,32
21.0673391587612,32
18.6348114262521,32
18.4721823327075,32
20.0110746004527,32
23.2233116106293,32
19.7201533201988,32
20.9500905461803,32
16.9794091936589,32
18.7783457047769,32
17.6444175649404,32
20.4202463021016,32
18.9192421809913,32
19.9148230394705,32
23.994399354813,32
17.3150112443169,32
19.7373869650755,32
16.5730206329726,32
17.1692682447187,32
20.8446902417812,32
18.4643929174989,32
19.336836888748,32
17.1981817108245,32
18.370676670136,32
16.6553355737361,32
19.8177410287115,32
16.800304008017,32
17.9922816225413,32
17.768153941208,32
18.9412520286448,32
17.8249600521352,32
16.0405831482629,32
19.1910479523784,32
20.156670657512,32
21.9718456658763,32
15.7252393284664,32
21.4810035457975,32
16.5826673089957,32
18.2572387013255,32
16.2087199067232,32
21.6879670177955,32
18.9101347077349,32
18.5454231851351,32
19.5045295418446,32
24.343111430723,32
17.3179016044632,32
19.5265158307033,32
18.8250095233122,32
18.9728139003185,32
20.8609181628313,32
19.0365582860601,32
18.4732709055682,32
19.2620965577844,32
17.2033565423197,32
22.3808797953883,32
22.3503536326594,32
17.0377993070871,32
14.8542911634719,32
22.5342423046437,32
19.6155396849067,32
15.8177108053305,32
17.0091207058377,32
16.5717750015939,32
18.8937112471541,32
18.0801669064576,32
21.3804396620639,32
22.3541346541185,32
20.4500123035024,32
18.5884007447901,32
20.8661878883325,32
17.1356247066909,32
17.3314526530594,32
18.6796918533673,32
18.2598347523814,32
17.0802101672542,32
19.3732771506214,32
17.3809628569755,32
20.8993264885863,32
17.9282507204546,32
17.908989557304,32
18.5030432249877,32
21.3546933363868,32
19.8529993994626,32
19.3592757877845,32
20.6810071699976,32
16.4623197661045,32
20.9243135276127,32
18.6483576153471,32
15.7438419040501,32
17.4545339008697,32
17.8995490506481,32
21.6701253024692,32
14.6359714846981,32
19.2936263043109,33
18.0576753600673,33
20.5266379118895,33
20.0238308063363,33
22.0986367535569,33
21.9695519891,33
21.4127931459796,33
23.5787424707451,33
17.8240795337732,33
19.0023854742825,33
21.9166478112308,33
18.8213253004668,33
17.488972004994,33
20.6874580673488,33
21.6163364437994,33
18.954120771572,33
14.6029242192997,33
17.7935437438582,33
17.4765028747449,33
18.7130314698409,33
19.2056207213657,33
21.9762969693132,33
17.141413698642,33
18.7654343499046,33
18.5098195372875,33
22.845596306426,33
17.0042836333803,33
16.8959962064004,33
22.0665655275946,33
20.055747746646,33
18.8224681193218,33
18.5447175373919,33
14.8176619963473,33
20.5299113717317,33
19.7034671226045,33
22.1952876483204,33
19.0352617081828,33
22.0055520400592,33
20.492364595462,33
21.4695530569805,33
16.3955047303561,33
21.9708784898635,33
21.5534285028575,33
22.6145567506469,33
19.875929831696,33
17.8177795936915,33
19.7035036543544,33
21.4969396954995,33
21.7505899889242,33
22.6467688273384,33
19.8547252228661,33
23.1446491678156,33
18.4106263626519,33
14.6285790004665,33
20.4450800768585,33
19.9164986069771,33
17.379387984906,33
20.2632257059994,33
17.5152594555537,33
18.316591118984,33
22.7859825720666,33
13.8712075324535,33
20.6271292079676,33
19.0737417492022,33
18.7431391670846,33
20.2486801365004,33
19.0220526700854,33
18.9195836846879,33
17.2127089995056,33
23.1859008557943,33
21.798212509101,33
17.4502903987416,33
19.3602108262389,33
21.3062320092329,33
18.860681217551,33
20.0771875561943,33
20.2216148984517,33
23.2485804162804,33
18.4174692916798,33
21.5214015747671,33
18.8006105245712,33
19.4344838054412,33
19.8878699647388,33
20.6117787384038,33
20.2014343754083,33
19.0246086594451,33
19.9620332875015,33
20.4937220688538,33
20.8235526919926,33
17.3042182363143,33
19.5457068662852,33
23.5906397394088,33
18.8510163049299,33
20.0914554950087,33
21.9789055992564,33
17.5476118114728,33
17.3489960815634,33
22.3278280694757,33
21.2440595644873,33
17.7776747375648,33
22.9429025028782,33
22.003362522257,33
23.4865096815742,33
17.5682194756487,33
22.0708738273961,33
20.1837762574565,33
16.1622197324766,33
18.2966658316822,33
21.4649345064212,33
21.5217919135674,33
17.1415189319036,34
20.115993664877,34
16.3625255357541,34
21.8612262736239,34
21.0754905453685,34
23.5847780330399,34
19.5666314445111,34
21.0901391731042,34
18.7128324782767,34
18.1254700787329,34
22.0520310077715,34
21.9372629750041,34
20.7520045862127,34
21.0039550707946,34
20.724513696037,34
20.9089238687389,34
20.4693136097535,34
17.4518112412821,34
16.0882099965977,34
17.4543259162481,34
22.5837279273493,34
17.8510641885849,34
21.2908562099914,34
21.6870735338704,34
20.4583915910048,34
20.7382359608322,34
21.3916188647609,34
23.2565891004275,34
20.0867237683693,34
19.4729864416234,34
18.8443846465665,34
21.9669417999382,34
20.2959881345019,34
22.2665901660117,34
17.3882300246612,34
19.1790679484582,34
19.5889587669925,34
21.1013242236201,34
21.3986745892613,34
19.6599053949377,34
20.5441146719465,34
17.7759518005165,34
24.1562305735928,34
19.5733889197707,34
19.8942697694608,34
19.3843075074128,34
18.1044191466548,34
21.8284763148841,34
16.4578614973997,34
19.4529344513226,34
20.340311623661,34
17.1526461033179,34
22.227647220005,34
19.1262703595656,34
21.4098609195442,34
16.4553584400052,34
19.5334637726031,34
20.2261005256692,34
17.3892484753815,34
21.929578740545,34
20.6356855043776,34
19.9013976265943,34
20.4472375488181,34
19.9828091193379,34
21.4312025020316,34
20.4549066803813,34
23.1678526548475,34
19.2575248910169,34
21.839264347813,34
20.3725972953903,34
24.4142045486302,34
20.1458684853937,34
20.3473157423383,34
19.3854255068622,34
15.9168740368654,34
16.1428989921675,34
19.8185566549788,34
20.2750153336921,34
18.7101028895847,34
21.3219932807796,34
22.8142819213655,34
23.5169024594465,34
15.7315284785194,34
21.7103256180994,34
21.9839233143881,34
21.4764327706702,34
22.3463437808316,34
19.7958355217734,34
19.5147246034417,34
22.1292857390519,34
18.7373957481273,34
21.8762824309181,34
18.4872581562912,34
18.9162738765377,34
18.6917995103524,34
21.8562051894303,34
19.9708534423495,34
21.1669134781836,34
24.8427177220706,34
18.1024142128116,34
22.7450093102719,34
21.3381493114982,34
20.1214611985405,34
17.7281880351234,34
25.7815601887993,34
14.9293001085596,35
16.7170664518308,35
20.4982886838941,35
15.1387109882317,35
19.1268520044005,35
15.1133045842184,35
19.1527518636362,35
22.5998738771386,35
18.6430749981709,35
19.2088648832797,35
19.6995143913914,35
16.6546534815503,35
16.3256128502509,35
17.183879651863,35
18.9598277297181,35
16.1020123528357,35
18.0949535474184,35
19.8456319559934,35
17.1503077734319,35
18.1328246859296,35
18.5959275301197,35
15.0242305179199,35
17.9148470454367,35
15.8366020596409,35
17.7380999413747,35
19.2587520747124,35
19.5003875831746,35
16.467578883768,35
15.8387445226435,35
21.8008647455889,35
14.4095310630356,35
16.0267138562498,35
17.5967662233561,35
18.1010103632848,35
16.9882510196164,35
15.539758526836,35
18.0586233494739,35
15.6778036935467,35
17.2505963479702,35
19.0915500518754,35
20.3068285934127,35
20.4486394542051,35
20.0665116394983,35
17.6955571576352,35
14.7344786618829,35
15.1227208672011,35
19.6170143660769,35
13.6736307037504,35
19.729790562757,35
18.2865838978356,35
22.0747294180065,35
18.2251430237788,35
13.9592080149037,35
19.895170401902,35
20.4352189979678,35
17.4259817280228,35
17.6564660901324,35
19.0543328111562,35
18.7573341649808,35
18.2177502819419,35
18.3569579023585,35
22.2126996239666,35
20.4436618706393,35
22.3416272329325,35
17.4378846170074,35
17.4230909315006,35
17.6259133669564,35
19.6890171021238,35
21.8134589434646,35
19.0918348266564,35
17.6105601394713,35
18.8629548061258,35
17.5748016989707,35
17.865265554727,35
16.3077054886042,35
18.531608549878,35
17.4066511029711,35
16.2138696006916,35
18.2697089424839,35
19.2090626197574,35
17.9304031811475,35
17.7400458847759,35
17.7754236111503,35
20.222701022532,35
19.6965740424109,35
18.1937736290514,35
16.4295001395083,35
18.3503165638753,35
15.709656346657,35
20.4407387903012,35
18.9861217450052,35
21.2223030772113,35
20.4290030282388,35
19.1647939392967,35
17.3164304131591,35
18.0115035641669,35
15.8643448052941,35
17.8473259220394,35
20.5729757025575,35
18.5822413254894,35
18.5694935651034,35
17.3779602097409,35
20.8959543024914,35
19.2999754626642,35
16.5457538505871,35
18.8234057433673,35
20.4616297894482,35
17.7255689715714,35
18.3269016569771,35
17.5519352149809,35
20.8178855223797,35
18.4839328290219,35
23.5054731256787,35
14.2919579428631,35
18.1546019843103,35
20.0274818426263,35
17.7309858694732,35
22.552351726586,36
18.3963971495755,36
16.3500809604705,36
17.5392197049978,36
17.9666094192791,36
18.6315308864259,36
18.7415128834265,36
21.3961941836724,36
17.0466093998809,36
17.4939555670378,36
18.3968713076146,36
16.1125562997164,36
18.834925914072,36
18.9832855986768,36
16.017043478182,36
15.9238471443547,36
18.2800803645282,36
17.0588282676313,36
19.8610807839881,36
17.2900117041388,36
18.2614203663436,36
19.3030442191396,36
16.8774535581034,36
20.2608568101747,36
19.0293850808218,36
22.9300429180167,36
17.7850069891867,36
14.4760693354159,36
20.7625265118991,36
18.4382724528688,36
21.6294909515275,36
16.4858741693278,36
23.6965913706267,36
21.2513201959383,36
18.0125228532007,36
20.6502325973082,36
18.2617792070108,36
22.393303491162,36
17.2270148739662,36
18.7587616588286,36
16.3546103486109,36
18.2373530891764,36
16.6100328938489,36
21.8950581239374,36
17.772835103811,36
17.2231702096494,36
20.6685105728717,36
14.9560061688338,36
20.52883005496,36
16.996160825293,36
18.8007990060238,36
15.7429592667789,36
19.65948032349,36
20.3543889449247,36
19.1137593219954,36
17.089453029149,36
19.6024340400863,36
17.9592876764249,36
18.78519630479,36
17.5490369469461,36
23.2894872405506,36
14.8946856960312,36
19.6827040617962,36
22.2419726241736,36
16.7275815565409,36
15.0052945502913,36
15.9797585425123,36
18.643509991951,36
21.2528025813353,36
19.7781789017235,36
18.749109824619,36
16.3954224111507,36
16.91317224997,36
18.5547607227321,36
18.5546449331647,36
18.1078402946825,36
14.7266472066496,36
18.9220434566267,36
17.9515476715309,36
15.2505883411803,36
14.942682830796,36
18.7477120807817,36
16.6157615976868,36
14.7563699105629,36
18.2247343345524,36
19.4033892761355,36
20.476740480591,36
16.4332752501732,36
18.3491593770173,36
20.6782959345924,36
15.4407997945793,36
20.7028423549231,36
22.065045387399,36
16.9429164693499,36
18.1480903820292,36
10.7280220281049,36
14.4528923532139,36
21.022453580873,36
12.5975337870156,36
18.6145427141913,36
16.2627413951996,36
17.952237040854,36
17.181483914558,36
18.0365764341313,36
18.1205916986388,36
19.2879575699567,36
17.8288365188354,36
22.3761251378068,37
18.0662171177263,37
20.0748648140684,37
15.971161777663,37
21.152912479056,37
20.469694567029,37
21.762115855872,37
17.3873499218721,37
19.0880523393929,37
17.7560913251318,37
20.0164509500549,37
18.5278973902539,37
19.571764221344,37
22.4070277540579,37
23.8638502608858,37
16.3118689934963,37
17.459486909105,37
22.5250583423732,37
20.3277717235342,37
18.1956378110092,37
21.5653781382222,37
17.8472213870597,37
19.8851979175906,37
20.913242193026,37
21.7568626150472,37
21.5288956741948,37
21.2688574851401,37
20.9934765841352,37
22.1171258590193,37
19.4714428619035,37
17.9921035612662,37
20.9986089266124,37
20.9212010042327,37
22.1535763799119,37
18.1679586947401,37
20.8772735156455,37
19.2771953779671,37
21.4844233540067,37
22.4540848196124,37
21.8668730210837,37
18.1314753958603,37
18.4344025287581,37
18.9505504684663,37
21.0544221250787,37
18.7505539754057,37
20.5950615717157,37
22.3944563896686,37
21.261152713861,37
22.671068598421,37
20.3510225887453,37
20.7022108191107,37
18.2083849955531,37
21.4362991217739,37
16.7009262283498,37
17.4635699393152,37
20.9025160010979,37
18.334587739982,37
20.9192051876525,37
17.5813340726489,37
20.2276608010163,37
16.7912163016455,37
21.1227121272279,37
16.656153824104,37
20.7080968249806,37
20.1953203101595,37
22.0392643977978,37
24.9186144985137,37
16.5878813664057,37
19.4515121515468,37
18.8516649860086,37
18.8122255176109,37
17.5957457360565,37
21.143219263676,37
20.6213716315182,37
21.1964858680121,37
23.7904706342477,37
16.7692551567549,37
20.7493825951187,37
19.6362567674004,37
19.4154356346943,37
18.7857219900142,37
19.7873996298383,37
22.0482730610472,37
18.5303428781787,37
19.5539919150674,37
21.0168057202044,37
21.0797978921555,37
23.6712482075359,37
19.5743620063374,37
19.8214196423627,37
16.6104375319509,37
22.7985160269992,37
21.636165764031,37
22.1591525557111,37
18.1754849693673,37
23.2219008593746,37
18.7874667237695,37
23.1910118989561,37
20.0963216093578,37
21.330298225674,37
20.4703747832562,37
18.4895365714184,37
19.8528779083509,37
19.1148354928939,37
18.1329191486669,37
19.8905528284602,37
18.4001392939937,37
20.136906184513,37
20.5419454363694,37
21.6098228888962,37
18.4745066140444,37
21.5226649610699,37
20.1837937058661,37
19.4541815259439,37
22.410168870079,37
20.6689322995321,37
18.5973839839911,37
17.6387266208629,37
20.8572212924006,37
18.6584606747832,37
23.7906253013952,37
21.2640705123553,37
14.7011361573454,37
16.9280167049349,38
16.4815466982969,38
16.9398322311829,38
15.677037111345,38
20.015369632607,38
19.7270111215535,38
19.8237240832724,38
21.2199601466651,38
18.9024121103253,38
21.8501289076562,38
16.7171928513435,38
17.6023010014474,38
17.4172630151721,38
18.2173268273024,38
17.165280816355,38
20.2594115652091,38
18.7168985093504,38
21.1950099403239,38
15.9210348090709,38
15.9103343249023,38
17.6147823344492,38
17.2263697843549,38
15.9311476098163,38
19.7580782356737,38
20.3128742246376,38
21.6099461509155,38
19.9971614783542,38
19.8358979996618,38
21.5814265319793,38
18.1948442804275,38
19.2283986097299,38
19.5518129534143,38
23.7186013253808,38
19.833248770522,38
17.4021407054566,38
19.907372028798,38
16.6810701215089,38
16.7428617898493,38
21.3944514384252,38
16.6273681766947,38
15.8399824627482,38
18.0326552736868,38
17.7077434723106,38
19.5996167920386,38
18.4934405078966,38
24.2660184856435,38
21.6399192333631,38
14.983259235245,38
19.6118508585748,38
18.1504804515794,38
20.5241458799877,38
16.9408123523032,38
17.9331495595128,38
19.1142926889589,38
19.7924033261099,38
15.6634826092068,38
18.1878680062026,38
14.8928487863421,38
20.0544469708608,38
17.6424736842619,38
21.7341561718866,38
21.3368326137969,38
17.4096954233599,38
19.6774722843751,38
21.3135615982192,38
19.8982754332763,38
16.7525607882481,38
15.0240721887773,38
19.4635196926606,38
17.5352681378406,38
21.7188038960618,38
17.331879240512,38
20.2740313610046,38
20.8457507746862,38
20.5653897866544,38
15.596981093276,38
16.0270332961854,38
17.9875173713636,38
21.0575710680942,38
21.4577965477657,38
22.6888302024369,38
17.1144322218554,38
17.666702188088,38
18.9242926965627,38
21.4667047693868,38
15.1455572204055,38
16.5274531316318,38
22.4712648731986,38
20.5410615164786,38
14.7019527664682,38
21.1193398898472,38
19.7449187337567,38
17.5751493822083,38
18.9617403317907,38
20.2449273757719,38
19.6782432033299,38
20.5644551641112,38
22.0470204091358,38
19.7533411554107,38
16.0118474245895,38
19.0962750477828,38
14.2216159980256,38
18.487781815298,38
17.3749849482424,38
17.1221433150882,38
17.7425823124851,38
27.3963190892903,39
17.7013862476622,39
17.877410607296,39
18.9386234853014,39
18.932788744451,39
26.4965718841637,39
19.6486413388914,39
19.4011044287471,39
18.7640842748808,39
21.9523769301895,39
19.2767445035247,39
20.6408214517444,39
19.9185306079507,39
16.5779332356099,39
18.0782571034535,39
19.7030814766845,39
22.1070005201324,39
20.3241697918447,39
19.961980532144,39
18.0904567493801,39
21.5529589862632,39
21.5948176638869,39
19.0571877396577,39
21.245630218636,39
19.217562672512,39
20.1263256284088,39
21.3519732069067,39
20.8268826306917,39
18.1960482936575,39
20.4571835432369,39
18.6505347040467,39
19.3196810418541,39
17.8965462859389,39
19.6526633122903,39
21.4455770116215,39
19.0758602519056,39
21.1422185750926,39
19.4951260757117,39
20.8188277366477,39
16.592386920317,39
21.1206289368026,39
18.3975921727274,39
18.8246215670858,39
20.2193919593844,39
20.6838579519653,39
18.7103204295579,39
17.63703296038,39
18.3131311818831,39
17.1672754203584,39
21.9471871642682,39
20.462523658647,39
19.6764033247119,39
17.6295572790911,39
21.4201571567995,39
20.0807689732747,39
16.2490324990797,39
18.9254522975964,39
19.0631812049852,39
19.0521784931253,39
19.7608900477429,39
20.4854269157646,39
22.0920465166708,39
19.473630244538,39
18.4406659661898,39
17.325785411986,39
20.3720782045189,39
18.8457149317016,39
20.9237812147287,39
17.959980582731,39
19.1106820799739,39
17.185093864718,39
20.8098520798618,39
19.2919606583237,39
25.2912295239542,39
18.8255174593578,39
18.0752801569565,39
23.6268416847761,39
23.5577072487237,39
22.7691446295904,39
20.3406716758934,39
21.1723187902586,39
21.5545287958414,39
21.9552690252372,39
18.3698444374437,39
18.1189098992215,39
21.8761173217681,39
17.3541761103648,39
20.4785704534758,39
18.2317519026194,39
23.7962310172998,39
21.6500085177692,39
22.0630759544831,40
21.4001130505178,40
19.3888440711201,40
20.0513495735855,40
21.2042605479761,40
21.4532437901683,40
21.6604928590792,40
15.8051794337209,40
21.7154040412159,40
22.178811864684,40
23.2126420692638,40
24.1365737270999,40
22.7618794610839,40
23.0369645334478,40
20.1635028470731,40
19.9142997596499,40
19.2777277035659,40
24.2754898960667,40
16.9163799462117,40
21.5211815763682,40
21.0876804236572,40
21.8954867017665,40
22.6893094683082,40
18.2852719197225,40
22.6059371652734,40
21.8114985248904,40
20.8786145100864,40
20.103846532264,40
21.7910201144523,40
19.4992607152839,40
21.8074156579213,40
21.0251901170538,40
17.6951421727935,40
24.4748523449918,40
25.1903863526621,40
23.1355968105915,40
20.1808729996834,40
19.8296268132539,40
23.1872502132771,40
22.888579604197,40
23.201111429874,40
20.4727932700239,40
23.3087669831031,40
24.5760128859316,40
21.3413768093036,40
21.3790216696602,40
21.0786134225544,40
18.6501032816616,40
18.6911356730018,40
19.8394386772236,40
21.9340607076763,40
21.5332988224841,40
23.4445070787482,40
19.2260468997463,40
20.7891970608533,40
20.0607025655502,40
21.4067215907162,40
22.2624878092178,40
24.3916417755473,40
24.3345933063629,40
24.7136464824254,40
22.2529069379485,40
24.6144517486895,40
18.7959787681141,40
21.3040818048304,40
23.9072246661568,40
20.4199913528125,40
21.9597913262017,40
22.5325567015796,40
20.5850466305446,40
23.5115586290138,40
22.0951061066061,40
19.4283684909768,40
23.3648406160019,40
18.5422885738358,40
22.8933406769485,40
19.4033755948176,40
22.2258677082834,40
21.8918247126566,40
23.3578168670974,40
21.842591999967,40
22.7048380585082,40
19.5832740703221,40
20.8247400372775,40
23.12345092352,40
19.3262277984929,40
18.9675185723847,40
20.6852725020877,40
20.7644773870118,40
21.0122742154132,40
25.6435523308701,40
18.0009004542991,40
19.1718025374411,40
19.3608990329666,40
23.9009908923437,40
23.5080714712134,40
19.1407934418422,40
18.871522905804,40
20.3459662409093,40
17.019668635039,40
21.9928612836215,40
20.8523905848374,40
17.5739207439138,40
20.5318884357084,40
20.9175631935842,40
22.6807509037461,40
20.8984003483382,40
19.5819216021638,40
19.7252311776178,40
23.7115004930849,40
20.4012661335021,40
21.6043297276862,40
21.8197289398693,40
21.8958505256086,40
18.004196952181,40
22.3821177389296,40
23.3829950738061,40
